Course Name,Section,Day,Time,Room,Instructor,Sheet
Probability & Statistics,BCS-4E,Monday,08:30 AM - 10:00 AM,Seminar Hall,Ms. Kanwal Saleem,FSC TT (Spring 2025)
Probability & Statistics,BCS-4F,Monday,10:00 AM - 11:30 AM,Seminar Hall,Ms. Kanwal Saleem,FSC TT (Spring 2025)
Digital Logic Design,BCS-2C,Monday,11:30 AM - 01:00 PM,Seminar Hall,Mr. Waqar Baig,FSC TT (Spring 2025)
Software for Mobile Devices,BCS-6B,Monday,01:00 PM - 02:30 PM,Seminar Hall,Mr. Usman Anwar,FSC TT (Spring 2025)
Multivariable Calculus,BCS-2D,Monday,02:30 PM - 04:00 PM,Seminar Hall,Dr. Akhlaq Ahmad Bhatti,FSC TT (Spring 2025)
Database Systems,BCS-4B,Monday,08:30 AM - 10:00 AM,F-201,Dr. Zareen Alamgir,FSC TT (Spring 2025)
Database Systems,BCS-4C,Monday,10:00 AM - 11:30 AM,F-201,Dr. Zareen Alamgir,FSC TT (Spring 2025)
Applied Machine Learning,BCS-8C,Monday,11:30 AM - 01:00 PM,F-201,Mr. Razi uddin (VF),FSC TT (Spring 2025)
Applied Machine Learning,BCS-8A,Monday,01:00 PM - 02:30 PM,F-201,Dr. Kashif Zafar,FSC TT (Spring 2025)
Object Oriented Programming,BCS-2H,Monday,02:30 PM - 04:00 PM,F-201,Mr. Raziuddin,FSC TT (Spring 2025)
Fund. of Big Data Analytics,BDS-6A,Monday,04:00 PM - 05:30 PM,F-201,TBD,FSC TT (Spring 2025)
Software Quality Assurance,MSP-2A,Monday,05:30 PM - 07:00 PM,F-201,Dr. Ali Afzal Malik,FSC TT (Spring 2025)
Digital Image Processing,BCS-6A,Monday,08:30 AM - 10:00 AM,F-202,Dr. Asif Gilani,FSC TT (Spring 2025)
Compiler Construction,BCS-6C,Monday,10:00 AM - 11:30 AM,F-202,Dr. Aatira Anum,FSC TT (Spring 2025)
Digital Image Processing,BCS-6B,Monday,11:30 AM - 01:00 PM,F-202,Dr. Asif Gilani,FSC TT (Spring 2025)
Data Mining,BDS-6A,Monday,01:00 PM - 02:30 PM,F-202,Ms. Esha Tur Razia,FSC TT (Spring 2025)
Data Mining,BDS-6B,Monday,02:30 PM - 04:00 PM,F-202,Ms. Esha Tur Razia,FSC TT (Spring 2025)
Secure Systems Design,MCY-2A,Monday,05:30 PM - 07:00 PM,F-202,Dr. Ammar Haider,FSC TT (Spring 2025)
Software Re-Engineering,BSE-8A,Monday,10:00 AM - 11:30 AM,F-203,Dr. Farooq Ahmed,FSC TT (Spring 2025)
Software Re-Engineering,BSE-8B,Monday,11:30 AM - 01:00 PM,F-203,Dr. Farooq Ahmed,FSC TT (Spring 2025)
Compiler Construction,BCS-6A,Monday,01:00 PM - 02:30 PM,F-203,Dr. Faisal Aslam,FSC TT (Spring 2025)
Software Engineering,BCS-6J,Monday,02:30 PM - 04:00 PM,F-203,Mr. Zeeshan Nazar,FSC TT (Spring 2025)
Theory of Automata,BCS-6C,Monday,04:00 PM - 05:30 PM,F-203,Dr. Tahir Ejaz,FSC TT (Spring 2025)
Object Oriented Programming,BDS-2B,Monday,08:30 AM - 10:00 AM,F-204,Ms. Samin Iftikhar,FSC TT (Spring 2025)
Database Systems,BCS-4K,Monday,10:00 AM - 11:30 AM,F-204,Ms. Mamoona Majid,FSC TT (Spring 2025)
Object Oriented Programming,BDS-2A,Monday,11:30 AM - 01:00 PM,F-204,Mr. Usama Alvi,FSC TT (Spring 2025)
Object Oriented Programming,BCS-2F,Monday,01:00 PM - 02:30 PM,F-204,Mr. Uzair Naqvi,FSC TT (Spring 2025)
Data Science,BCS-8D,Monday,02:30 PM - 04:00 PM,F-204,Ms. Arooj Khalil,FSC TT (Spring 2025)
Brand Management,BCS-8B,Monday,04:00 PM - 05:30 PM,F-204,Mr. Saquib Bhatti (VF),FSC TT (Spring 2025)
Brand Management,BCS-8A,Monday,05:30 PM - 07:00 PM,F-204,Mr. Saquib Bhatti (VF),FSC TT (Spring 2025)
Digital Logic Design,BCS-2A,Monday,08:30 AM - 10:00 AM,F-205,Dr. Sobia Tariq,FSC TT (Spring 2025)
Data Structures,BCS-4B,Monday,10:00 AM - 11:30 AM,F-205,Ms. Marwa Khan,FSC TT (Spring 2025)
Com. Org. & Assembly Lang.,BDS-4A,Monday,11:30 AM - 01:00 PM,F-205,TBD,FSC TT (Spring 2025)
Com. Org. & Assembly Lang.,BDS-4B,Monday,01:00 PM - 02:30 PM,F-205,TBD,FSC TT (Spring 2025)
Advanced Programming,BCS-8A,Monday,02:30 PM - 04:00 PM,F-205,Ms. Hira Butt,FSC TT (Spring 2025)
Advanced Programming,BCS-8B,Monday,04:00 PM - 05:30 PM,F-205,Ms. Hira Butt,FSC TT (Spring 2025)
Digital Logic Design,BSE-2A,Monday,08:30 AM - 10:00 AM,F-206,Dr. Amjad Hussain (VF),FSC TT (Spring 2025)
Data Structures,BDS-4A,Monday,10:00 AM - 11:30 AM,F-206,Dr. Aamir Wali,FSC TT (Spring 2025)
Database Systems,BCS-4A,Monday,11:30 AM - 01:00 PM,F-206,Mr. Ishaq Raza,FSC TT (Spring 2025)
Compiler Construction,BCS-6D,Monday,01:00 PM - 02:30 PM,F-206,Dr. Aatira Anum,FSC TT (Spring 2025)
Database Systems,BDS-4B,Monday,02:30 PM - 04:00 PM,F-206,Mr. Ishaq Raza (VF),FSC TT (Spring 2025)
Applied Machine Learning,BCS-8B,Monday,04:00 PM - 05:30 PM,F-206,Ms. Anosha Khan,FSC TT (Spring 2025)
Natural Language Processing,MDS-2A,Monday,08:30 AM - 10:00 AM,F-207,Dr. Maryam Bashir,FSC TT (Spring 2025)
Professional Practices in IT,BCS-8A,Monday,11:30 AM - 01:00 PM,F-207,Mr. Waqas Manzoor,FSC TT (Spring 2025)
Parallel & Distributed Comp,BCS-6K,Monday,01:00 PM - 02:30 PM,F-207,TBD,FSC TT (Spring 2025)
Database Systems,BCS-4G,Monday,02:30 PM - 04:00 PM,F-207,Ms. Aleena Ahmad,FSC TT (Spring 2025)
Professional Practices in IT,BCS-8B,Monday,08:30 AM - 10:00 AM,F-208,Mr. Muhammad Adeel (VF),FSC TT (Spring 2025)
Software Engineering,BCS-6D,Monday,10:00 AM - 11:30 AM,F-208,Ms. Mehroze Khan,FSC TT (Spring 2025)
Software Engineering,BCS-6E,Monday,11:30 AM - 01:00 PM,F-208,Ms. Mehroze Khan,FSC TT (Spring 2025)
Data Science,BCS-8B,Monday,01:00 PM - 02:30 PM,F-208,Ms. Arooj Khalil,FSC TT (Spring 2025)
Expository Writing,BSE-4B,Monday,02:30 PM - 04:00 PM,F-208,Falaknaz,FSC TT (Spring 2025)
Parallel & Distributed Comp,BCS-6F,Monday,08:30 AM - 10:00 AM,F-209,TBD,FSC TT (Spring 2025)
Parallel & Distributed Comp,BCS-6E,Monday,10:00 AM - 11:30 AM,F-209,TBD,FSC TT (Spring 2025)
Digital Logic Design,BCS-2B,Monday,11:30 AM - 01:00 PM,F-209,Dr. Sobia Tariq,FSC TT (Spring 2025)
Design & Analysis of Algo,BSE-6B,Monday,01:00 PM - 02:30 PM,F-209,TBD,FSC TT (Spring 2025)
Software Engineering,BCS-6F,Monday,02:30 PM - 04:00 PM,F-209,Ms. Mehroze Khan,FSC TT (Spring 2025)
Professional Practices in IT,BSE-8A,Monday,04:00 PM - 05:30 PM,F-209,TBD,FSC TT (Spring 2025)
Object Oriented Programming,BCS-2A,Monday,10:00 AM - 11:30 AM,F-210,Dr. Saira Karim,FSC TT (Spring 2025)
Advanced Statistics,BDS-4C,Monday,11:30 AM - 01:00 PM,F-210,Dr. Ahmad Raza,FSC TT (Spring 2025)
Object Oriented Programming,BCS-2B,Monday,01:00 PM - 02:30 PM,F-210,Dr. Saira Karim,FSC TT (Spring 2025)
Compiler Construction,BCS-6K,Monday,02:30 PM - 04:00 PM,F-210,Mr. Aamir Raheem,FSC TT (Spring 2025)
Operating Systems,BCS-4A,Monday,10:00 AM - 11:30 AM,F-301,Dr. Rana Asif Rehman,FSC TT (Spring 2025)
Software Engineering,BCS-6K,Monday,11:30 AM - 01:00 PM,F-301,Mr. Zeeshan Nazar,FSC TT (Spring 2025)
Operating Systems,BCS-4B,Monday,01:00 PM - 02:30 PM,F-301,Dr. Rana Asif Rehman,FSC TT (Spring 2025)
Natural Language Processing,BCS-8C,Monday,02:30 PM - 04:00 PM,F-301,Ms. Maimoona Akbar,FSC TT (Spring 2025)
Programming Fundamentals,BDS-2A,Monday,04:00 PM - 05:30 PM,F-301,Mr. Waqas Manzoor,FSC TT (Spring 2025)
Object Oriented Programming,BSE-2A,Monday,10:00 AM - 11:30 AM,F-302,Ms. Anosha Khan,FSC TT (Spring 2025)
Object Oriented Programming,BSE-2B,Monday,11:30 AM - 01:00 PM,F-302,Ms. Anosha Khan,FSC TT (Spring 2025)
Compiler Construction,BCS-6H,Monday,01:00 PM - 02:30 PM,F-302,Mr. Hamad ul Qudous,FSC TT (Spring 2025)
Compiler Construction,BCS-6G,Monday,02:30 PM - 04:00 PM,F-302,Mr. Hamad ul Qudous,FSC TT (Spring 2025)
Artificial Intelligence,BCS-6H,Monday,04:00 PM - 05:30 PM,F-302,Ms. Umm e Ammarah,FSC TT (Spring 2025)
Bioinformatics,BCS-8B,Monday,11:30 AM - 01:00 PM,F-303,Ms. Rushda Muneer (New),FSC TT (Spring 2025)
Parallel & Distributed Comp,BDS-6B,Monday,01:00 PM - 02:30 PM,F-303,TBD,FSC TT (Spring 2025)
Parallel & Distributed Comp,BDS-6A,Monday,02:30 PM - 04:00 PM,F-303,TBD,FSC TT (Spring 2025)
Intro to Cloud Computing,BDS-8A,Monday,08:30 AM - 10:00 AM,F-304,Mr. Ali Khawaja,FSC TT (Spring 2025)
Deep Learning,BCS-8B,Monday,10:00 AM - 11:30 AM,F-304,Mr. Irtaza (VF),FSC TT (Spring 2025)
Parallel & Distributed Comp,BCS-6H,Monday,11:30 AM - 01:00 PM,F-304,TBD,FSC TT (Spring 2025)
Object Oriented Programming,BCS-2C,Monday,01:00 PM - 02:30 PM,F-304,Mr. Usama Alvi,FSC TT (Spring 2025)
Natural Language Processing,BCS-8A,Monday,08:30 AM - 10:00 AM,F-305,Ms. Maimoona Akbar,FSC TT (Spring 2025)
Natural Language Processing,BCS-8B,Monday,10:00 AM - 11:30 AM,F-305,Ms. Maimoona Akbar,FSC TT (Spring 2025)
Artificial Intelligence,BCS-6F,Monday,11:30 AM - 01:00 PM,F-305,Ms. Maham Naeem,FSC TT (Spring 2025)
Artificial Intelligence,BCS-6G,Monday,01:00 PM - 02:30 PM,F-305,Ms. Maham Naeem,FSC TT (Spring 2025)
Object Oriented Programming,BCS-2K,Monday,02:30 PM - 04:00 PM,F-305,Mr. Usman Anwar,FSC TT (Spring 2025)
Entrepreneurship,BCS-8A,Monday,08:30 AM - 10:00 AM,F-306,Dr. Saif Maqbool,FSC TT (Spring 2025)
Operating Systems,BCS-4J,Monday,10:00 AM - 11:30 AM,F-306,Ms. Namra Absar,FSC TT (Spring 2025)
Operating Systems,BCS-4K,Monday,11:30 AM - 01:00 PM,F-306,Ms. Namra Absar,FSC TT (Spring 2025)
Game Development,BCS-8B,Monday,01:00 PM - 02:30 PM,F-306,Ms. Saba Ghani (New),FSC TT (Spring 2025)
Data Structures,BCS-4A,Monday,02:30 PM - 04:00 PM,F-306,Mr. Waqas Ali,FSC TT (Spring 2025)
Fundamentals of Management,BDS-4C,Monday,08:30 AM - 10:00 AM,F-307,Dr. Shahrman Khattak,FSC TT (Spring 2025)
Compiler Construction,BCS-6J,Monday,11:30 AM - 01:00 PM,F-307,Mr. Aamir Raheem,FSC TT (Spring 2025)
Operating Systems,BCS-4G,Monday,01:00 PM - 02:30 PM,F-307,Ms. Rubab Anam,FSC TT (Spring 2025)
Operating Systems,BCS-4F,Monday,02:30 PM - 04:00 PM,F-307,Ms. Rubab Anam,FSC TT (Spring 2025)
Artificial Intelligence,BCS-6B,Monday,10:00 AM - 11:30 AM,F-308,Dr. Mubasher Baig,FSC TT (Spring 2025)
Artificial Intelligence,BCS-6A,Monday,11:30 AM - 01:00 PM,F-308,Dr. Mubasher Baig,FSC TT (Spring 2025)
Theory of Automata,BCS-6A,Monday,01:00 PM - 02:30 PM,F-308,Dr. Tahir Ejaz,FSC TT (Spring 2025)
Web Engineering,BSE-6A,Monday,10:00 AM - 11:30 AM,F-309,Mr. Ayaz Gilani,FSC TT (Spring 2025)
Web Engineering,BSE-6B,Monday,11:30 AM - 01:00 PM,F-309,Mr. Ayaz Gilani,FSC TT (Spring 2025)
Artificial Intelligence,BCS-6E,Monday,01:00 PM - 02:30 PM,F-309,Mr. Sajid Kazmi,FSC TT (Spring 2025)
Artificial Intelligence,BCS-6D,Monday,02:30 PM - 04:00 PM,F-309,Ms. Maham Naeem,FSC TT (Spring 2025)
Digital Logic Design,BCS-2J,Monday,08:30 AM - 10:00 AM,F-310,Ms. Maimoona Akram,FSC TT (Spring 2025)
Web Programming,BCS-8B,Monday,10:00 AM - 11:30 AM,F-310,Ms. Mahhek Tahir,FSC TT (Spring 2025)
Data Science,BCS-8A,Monday,11:30 AM - 01:00 PM,F-310,Mr. Saiful Islam,FSC TT (Spring 2025)
Digital Logic Design,BCS-2G,Monday,02:30 PM - 04:00 PM,F-310,Ms. Maimoona Akram,FSC TT (Spring 2025)
Deep Learning,BCS-8A,Monday,08:30 AM - 10:00 AM,F-311,Mr. Irtaza (VF),FSC TT (Spring 2025)
Web Programming,BDS-8B,Monday,11:30 AM - 01:00 PM,F-311,Ms. Mahhek Tahir,FSC TT (Spring 2025)
Data Science,BSE-8A,Monday,01:00 PM - 02:30 PM,F-311,Mr. Saiful Islam,FSC TT (Spring 2025)
Applied Artificial Intelligence,BSE-6A,Monday,02:30 PM - 04:00 PM,F-311,Ms. Rushda Muneer (New),FSC TT (Spring 2025)
Intro to Cloud Computing,BCS-8A,Monday,10:00 AM - 11:30 AM,F-312,TBD,FSC TT (Spring 2025)
Tech. & Business Writing,BCS-4J,Monday,11:30 AM - 01:00 PM,F-312,TBD,FSC TT (Spring 2025)
Advanced Statistics,BDS-4A,Monday,01:00 PM - 02:30 PM,F-312,Dr. Ahmad Raza,FSC TT (Spring 2025)
Parallel & Distributed Comp,BCS-6B,Monday,02:30 PM - 04:00 PM,F-312,TBD,FSC TT (Spring 2025)
Ideology and Const of Pak & Seerat,BCS-2G,Monday,08:30 AM - 10:00 AM,C-1,TBD,FSC TT (Spring 2025)
Civics and Community Eng,BCS-2G,Monday,11:30 AM - 01:00 PM,C-1,TBD,FSC TT (Spring 2025)
French Language,BCS-4A,Monday,02:30 PM - 04:00 PM,C-1,TBD,FSC TT (Spring 2025)
Digital Logic Design,BCS-2F,Monday,08:30 AM - 10:00 AM,C-2,Mr. Aftab Alam (VF),FSC TT (Spring 2025)
Civics and Community Eng,BDS-2B,Monday,10:00 AM - 11:30 AM,C-2,TBD,FSC TT (Spring 2025)
Multivariable Calculus,BCS-2J,Monday,01:00 PM - 02:30 PM,C-2,Dr. Saeeda Zia,FSC TT (Spring 2025)
Civics and Community Eng,BCS-2H,Monday,08:30 AM - 10:00 AM,C-3,TBD,FSC TT (Spring 2025)
Expository Writing,BCS-2H,Monday,11:30 AM - 01:00 PM,C-3,Falaknaz (VF),FSC TT (Spring 2025)
Probability & Statistics,BCS-4D,Monday,02:30 PM - 04:00 PM,C-3,Ms. Sarah Ahmad,FSC TT (Spring 2025)
Modern Politics & Govt,BCS-4A,Monday,04:00 PM - 05:30 PM,C-3,TBD,FSC TT (Spring 2025)
Advanced Operating Systems,MCS-1A,Monday,08:30 AM - 10:00 AM,C-4,Dr. Zeeshan Ali Khan,FSC TT (Spring 2025)
Multivariable Calculus,BDS-2C,Monday,11:30 AM - 01:00 PM,C-4,Mr. Muhammad Yaseen,FSC TT (Spring 2025)
Tech. & Business Writing,BCS-4K,Monday,01:00 PM - 02:30 PM,C-4,TBD,FSC TT (Spring 2025)
Civics and Community Eng,BCS-2B,Monday,02:30 PM - 04:00 PM,C-4,TBD,FSC TT (Spring 2025)
Expository Writing,BCS-2D,Monday,08:30 AM - 10:00 AM,C-5,Irum Zahur (VF),FSC TT (Spring 2025)
Database Systems,BCS-4D,Monday,11:30 AM - 01:00 PM,C-5,Ms. Hina Iqbal,FSC TT (Spring 2025)
Digital Logic Design,BCS-2D,Monday,01:00 PM - 02:30 PM,C-5,Mr. Umar Farooq (New),FSC TT (Spring 2025)
Tech. & Business Writing,BCS-4C,Monday,02:30 PM - 04:00 PM,C-5,TBD,FSC TT (Spring 2025)
Tech. & Business Writing,BCS-4D,Monday,04:00 PM - 05:30 PM,C-5,TBD,FSC TT (Spring 2025)
Artificial Intelligence,BDS-6A,Monday,08:30 AM - 10:00 AM,C-6,Dr. Asma Ahmad,FSC TT (Spring 2025)
Brand Management,BCS-4A,Monday,10:00 AM - 11:30 AM,C-6,Mr.Abid Sharif,FSC TT (Spring 2025)
Islamic Studies/Ethics & Holy Quran,BCS-2A,Monday,11:30 AM - 01:00 PM,C-6,TBD,FSC TT (Spring 2025)
Multivariable Calculus,BCS-2A,Monday,02:30 PM - 04:00 PM,C-6,Dr. Mazhar Hussain,FSC TT (Spring 2025)
Islamic Studies/Ethics & Holy Quran,BCS-2B,Monday,08:30 AM - 10:00 AM,C-7,TBD,FSC TT (Spring 2025)
Formal Methods,BSE-6C,Monday,11:30 AM - 01:00 PM,C-7,Dr. Wafa Basit,FSC TT (Spring 2025)
Civics and Community Eng,BSE-2A,Monday,02:30 PM - 04:00 PM,C-7,TBD,FSC TT (Spring 2025)
Expository Writing,BCS-2C,Monday,08:30 AM - 10:00 AM,C-13,Nokhaiz Zahra,FSC TT (Spring 2025)
Probability & Statistics,BCS-4C,Monday,11:30 AM - 01:00 PM,C-13,Ms. Sarah Ahmad,FSC TT (Spring 2025)
Tech. & Business Writing,BCS-4A,Monday,01:00 PM - 02:30 PM,C-13,TBD,FSC TT (Spring 2025)
Tech. & Business Writing,BCS-4B,Monday,02:30 PM - 04:00 PM,C-13,TBD,FSC TT (Spring 2025)
Mass Communication,BCS-4A,Monday,08:30 AM - 10:00 AM,C-14,Dr Sapna Mumtaz (VF),FSC TT (Spring 2025)
Expository Writing,BCS-2E,Monday,10:00 AM - 11:30 AM,C-14,Dr Sara Khan,FSC TT (Spring 2025)
French Langauge,BCS-8A,Monday,01:00 PM - 02:30 PM,C-14,Ms. Anum Tughral (VF),FSC TT (Spring 2025)
Civics and Community Eng,BCS-2K,Monday,08:30 AM - 10:00 AM,D-2,TBD,FSC TT (Spring 2025)
Tech. & Business Writing,BCS-4E,Monday,11:30 AM - 01:00 PM,D-2,TBD,FSC TT (Spring 2025)
Entrepreneurship,BDS-8A,Monday,01:00 PM - 02:30 PM,D-2,Dr. Saif Maqbool,FSC TT (Spring 2025)
Tech. & Business Writing,BCS-4F,Monday,04:00 PM - 05:30 PM,D-2,TBD,FSC TT (Spring 2025)
Islamic Studies/Ethics & Holy Quran,BDS-2A,Monday,08:30 AM - 10:00 AM,D-5,TBD,FSC TT (Spring 2025)
Ideology and Const of Pak & Seerat,BCS-2K,Monday,11:30 AM - 01:00 PM,D-5,TBD,FSC TT (Spring 2025)
Tech. & Business Writing,BCS-4H,Monday,02:30 PM - 04:00 PM,D-5,TBD,FSC TT (Spring 2025)
Tech. & Business Writing,BCS-4G,Monday,04:00 PM - 05:30 PM,D-5,TBD,FSC TT (Spring 2025)
Object Oriented Programming Lab,BCS-2F,Monday,10:00 AM - 11:30 AM,Lab-1,TBD,FSC TT (Spring 2025)
Object Oriented Programming Lab,BSE-2A,Monday,11:30 AM - 01:00 PM,Lab-2,TBD,FSC TT (Spring 2025)
Soft Design & Architecture Lab,BSE-6A,Monday,02:30 PM - 04:00 PM,Lab-2,TBD,FSC TT (Spring 2025)
Object Oriented Programming Lab,BCS-2E,Monday,01:00 PM - 02:30 PM,Lab-3,TBD,FSC TT (Spring 2025)
Data Structures Lab,BCS-4A,Monday,11:30 AM - 01:00 PM,Lab-4,Ms. Seemab Ayub,FSC TT (Spring 2025)
Reserved For FSM,,Monday,08:30 AM - 10:00 AM,Lab-8,TBD,FSC TT (Spring 2025)
Reserved For FSM,,Monday,11:30 AM - 01:00 PM,Lab-8,TBD,FSC TT (Spring 2025)
Reserved For FSM,,Monday,02:30 PM - 04:00 PM,Lab-8,TBD,FSC TT (Spring 2025)
Operating Systems Lab,BCS-4H,Monday,11:30 AM - 01:00 PM,Lab-13,TBD,FSC TT (Spring 2025)
Database Systems Lab,BDS-4A,Monday,02:30 PM - 04:00 PM,Lab-13,TBD,FSC TT (Spring 2025)
Web Engineering Lab,BSE-6B,Monday,08:30 AM - 10:00 AM,Lab-14,TBD,FSC TT (Spring 2025)
Operating Systems Lab,BSE-4A,Monday,11:30 AM - 01:00 PM,Lab-14,TBD,FSC TT (Spring 2025)
Object Oriented Programming Lab,BCS-2C,Monday,02:30 PM - 04:00 PM,Lab-14,TBD,FSC TT (Spring 2025)
Web Engineering Lab,BSE-6C,Monday,08:30 AM - 10:00 AM,Lab-15,TBD,FSC TT (Spring 2025)
Database Systems Lab,BSE-4B,Monday,11:30 AM - 01:00 PM,Lab-15,TBD,FSC TT (Spring 2025)
Artificial Intelligence Lab,BCS-6H,Monday,08:30 AM - 10:00 AM,Lab-16,TBD,FSC TT (Spring 2025)
Object Oriented Programming Lab,BSE-2B,Monday,01:00 PM - 02:30 PM,Lab-16,TBD,FSC TT (Spring 2025)
Digital Logic Design Lab,BCS-2J1,Monday,10:00 AM - 11:30 AM,Physics Lab,TBD,FSC TT (Spring 2025)
Digital Logic Design Lab,BDS-2B1,Monday,01:00 PM - 02:30 PM,Physics Lab,TBD,FSC TT (Spring 2025)
Digital Logic Design Lab,BCS-2J2,Monday,10:00 AM - 11:30 AM,Micro Lab,TBD,FSC TT (Spring 2025)
Digital Logic Design Lab,BDS-2B2,Monday,01:00 PM - 02:30 PM,Micro Lab,TBD,FSC TT (Spring 2025)
Machine Learning for Data Science,MDS-2B,Tuesday,08:30 AM - 10:00 AM,F-201,Dr. Aamir Wali,FSC TT (Spring 2025)
Natural Language Processing,BDS-6A,Tuesday,11:30 AM - 01:00 PM,F-201,Dr. Maryam Bashir,FSC TT (Spring 2025)
Parallel & Distributed Comp,BCS-6J,Tuesday,01:00 PM - 02:30 PM,F-201,TBD,FSC TT (Spring 2025)
Design & Analysis of Algo,BCS-6B,Tuesday,02:30 PM - 04:00 PM,F-201,TBD,FSC TT (Spring 2025)
Design & Analysis of Algo,BCS-6A,Tuesday,04:00 PM - 05:30 PM,F-201,TBD,FSC TT (Spring 2025)
Soft. Process Managment & Metrics,MSP-2A,Tuesday,05:30 PM - 07:00 PM,F-201,TBD,FSC TT (Spring 2025)
Advanced Machine Learning,MCS-4A,Tuesday,08:30 AM - 10:00 AM,F-202,Dr. Kashif Zafar,FSC TT (Spring 2025)
Operating Systems,BSE-4A,Tuesday,11:30 AM - 01:00 PM,F-202,Mr. Raziuddin,FSC TT (Spring 2025)
Operating Systems,BSE-4B,Tuesday,01:00 PM - 02:30 PM,F-202,Mr. Raziuddin,FSC TT (Spring 2025)
Object Oriented Programming,BCS-2D,Tuesday,02:30 PM - 04:00 PM,F-202,Mr. Usama Alvi,FSC TT (Spring 2025)
Artificial Intelligence,BCS-6C,Tuesday,04:00 PM - 05:30 PM,F-202,Mr. Sajid Kazmi,FSC TT (Spring 2025)
Marketing Management,MSP-4A,Tuesday,05:30 PM - 07:00 PM,F-202,Mr.Saqib Bhatti,FSC TT (Spring 2025)
Fund. of Computer Vision,BCS-8A,Tuesday,08:30 AM - 10:00 AM,F-203,TBD,FSC TT (Spring 2025)
Database Systems,BCS-4J,Tuesday,10:00 AM - 11:30 AM,F-203,Ms. Mamoona Majid,FSC TT (Spring 2025)
Database Systems,BCS-4H,Tuesday,11:30 AM - 01:00 PM,F-203,Ms. Mamoona Majid,FSC TT (Spring 2025)
Compiler Construction,BCS-6B,Tuesday,01:00 PM - 02:30 PM,F-203,Dr. Faisal Aslam,FSC TT (Spring 2025)
Design & Analysis of Algo,BSE-6C,Tuesday,02:30 PM - 04:00 PM,F-203,TBD,FSC TT (Spring 2025)
Operating Systems,BCS-6A,Tuesday,08:30 AM - 10:00 AM,F-204,Ms. Rakshan Imtiaz (New),FSC TT (Spring 2025)
Database Systems,BDS-4A,Tuesday,10:00 AM - 11:30 AM,F-204,Mr. Muhammad Naveed,FSC TT (Spring 2025)
Object Oriented Programming,BCS-2E,Tuesday,11:30 AM - 01:00 PM,F-204,Mr. Uzair Naqvi,FSC TT (Spring 2025)
Compiler Construction,BCS-6E,Tuesday,01:00 PM - 02:30 PM,F-204,Mr. Aamir Raheem,FSC TT (Spring 2025)
Object Oriented Programming,BCS-2G,Tuesday,02:30 PM - 04:00 PM,F-204,Mr. Uzair Naqvi,FSC TT (Spring 2025)
Communication & Presentation Skills,BCS-6A,Tuesday,04:00 PM - 05:30 PM,F-204,TBD,FSC TT (Spring 2025)
Machine Learning for Data Science,MDS-2A,Tuesday,08:30 AM - 10:00 AM,F-205,Dr. Saira Karim,FSC TT (Spring 2025)
Com. Org. & Assembly Lang.,BDS-4C,Tuesday,11:30 AM - 01:00 PM,F-205,TBD,FSC TT (Spring 2025)
Adv Database Concepts,BSE-6A,Tuesday,01:00 PM - 02:30 PM,F-205,TBD,FSC TT (Spring 2025)
Data Science,BCS-8C,Tuesday,02:30 PM - 04:00 PM,F-205,Ms. Arooj Khalil,FSC TT (Spring 2025)
Digital Logic Design,BSE-2B,Tuesday,08:30 AM - 10:00 AM,F-206,Dr. Amjad Hussain (VF),FSC TT (Spring 2025)
Software Testing,BCS-6A,Tuesday,10:00 AM - 11:30 AM,F-206,Ms. Lehmia Kiran,FSC TT (Spring 2025)
Adv Database Concepts,BCS-6A,Tuesday,11:30 AM - 01:00 PM,F-206,TBD,FSC TT (Spring 2025)
Software for Mobile Devices,BSE-8A,Tuesday,01:00 PM - 02:30 PM,F-206,Mr. Waqas Ali,FSC TT (Spring 2025)
Adv Database Concepts,BCS-6B,Tuesday,02:30 PM - 04:00 PM,F-206,TBD,FSC TT (Spring 2025)
Information Security,BSE-8A,Tuesday,04:00 PM - 05:30 PM,F-206,TBD,FSC TT (Spring 2025)
Object Oriented Programming,BCS-2J,Tuesday,10:00 AM - 11:30 AM,F-207,Ms. Namra Absar,FSC TT (Spring 2025)
Information Security,BDS-8A,Tuesday,11:30 AM - 01:00 PM,F-207,Ms. Aqsa Khalid,FSC TT (Spring 2025)
Database Systems,BCS-4E,Tuesday,01:00 PM - 02:30 PM,F-207,Ms. Aleena Ahmad,FSC TT (Spring 2025)
Database Systems,BCS-4F,Tuesday,02:30 PM - 04:00 PM,F-207,Ms. Aleena Ahmad,FSC TT (Spring 2025)
Game Development,BCS-8A,Tuesday,04:00 PM - 05:30 PM,F-207,Ms. Saba Ghani (New),FSC TT (Spring 2025)
Funda. of Software Eng,BDS-4A,Tuesday,11:30 AM - 01:00 PM,F-208,TBD,FSC TT (Spring 2025)
Game Design Development,BSE-6A,Tuesday,01:00 PM - 02:30 PM,F-208,TBD,FSC TT (Spring 2025)
Funda. of Software Eng,BDS-4C,Tuesday,02:30 PM - 04:00 PM,F-208,TBD,FSC TT (Spring 2025)
Applied Physics,BCS-6A,Tuesday,05:30 PM - 07:00 PM,F-208,TBD,FSC TT (Spring 2025)
Database Systems,BSE-4A,Tuesday,08:30 AM - 10:00 AM,F-209,Ms. Hina Iqbal,FSC TT (Spring 2025)
Database Systems,BSE-4B,Tuesday,10:00 AM - 11:30 AM,F-209,Ms. Hina Iqbal,FSC TT (Spring 2025)
Fund. of Computer Vision,BCS-8B,Tuesday,11:30 AM - 01:00 PM,F-209,TBD,FSC TT (Spring 2025)
Generative AI,BCS-8A,Tuesday,01:00 PM - 02:30 PM,F-209,Dr. Hajra Waheed,FSC TT (Spring 2025)
Generative AI,BDS-8A,Tuesday,02:30 PM - 04:00 PM,F-209,Dr. Hajra Waheed,FSC TT (Spring 2025)
Generative AI,BDS-8B,Tuesday,04:00 PM - 05:30 PM,F-209,Dr. Hajra Waheed,FSC TT (Spring 2025)
Mining Massive Datasets,BCS-6A,Tuesday,10:00 AM - 11:30 AM,F-210,Dr. Zareen Alamgir,FSC TT (Spring 2025)
Software Testing,BCS-6B,Tuesday,11:30 AM - 01:00 PM,F-210,Ms. Lehmia Kiran,FSC TT (Spring 2025)
Computer Networks,BDS-8A,Tuesday,01:00 PM - 02:30 PM,F-210,Ms. Umme Ammara,FSC TT (Spring 2025)
Probability & Statistics,BSE-4A,Tuesday,02:30 PM - 04:00 PM,F-210,Dr. Nuzhat Aftab (VF),FSC TT (Spring 2025)
Multivariable Calculus,BCS-2K,Tuesday,04:00 PM - 05:30 PM,F-210,TBD,FSC TT (Spring 2025)
Com. Org. & Assembly Lang.,BCS-4A,Tuesday,10:00 AM - 11:30 AM,F-301,TBD,FSC TT (Spring 2025)
Adv Database Concepts,BSE-8A,Tuesday,02:30 PM - 04:00 PM,F-301,TBD,FSC TT (Spring 2025)
Funda. of Software Eng,BDS-4B,Tuesday,04:00 PM - 05:30 PM,F-301,TBD,FSC TT (Spring 2025)
Cyber Security,BCS-6A,Tuesday,08:30 AM - 10:00 AM,F-302,TBD,FSC TT (Spring 2025)
Cyber Security,BCS-6B,Tuesday,10:00 AM - 11:30 AM,F-302,TBD,FSC TT (Spring 2025)
Bioinformatics,BCS-8A,Tuesday,11:30 AM - 01:00 PM,F-302,Ms. Rushda Muneer (New),FSC TT (Spring 2025)
Software for Mobile Devices,BCS-8A,Tuesday,02:30 PM - 04:00 PM,F-302,Mr. Waqas Ali,FSC TT (Spring 2025)
Information Security,BCS-8A,Tuesday,10:00 AM - 11:30 AM,F-303,Ms. Aqsa Khalid,FSC TT (Spring 2025)
Intro to Internet of Things,BCS-8A,Tuesday,01:00 PM - 02:30 PM,F-303,TBD,FSC TT (Spring 2025)
Information Security,BCS-8B,Tuesday,02:30 PM - 04:00 PM,F-303,Ms. Aqsa Khalid,FSC TT (Spring 2025)
Artificial Intelligence,BCS-6J,Tuesday,08:30 AM - 10:00 AM,F-304,Ms. Abeeda Akram,FSC TT (Spring 2025)
Artificial Intelligence,BCS-6K,Tuesday,10:00 AM - 11:30 AM,F-304,Ms. Abeeda Akram,FSC TT (Spring 2025)
Parallel & Distributed Comp,BCS-6D,Tuesday,11:30 AM - 01:00 PM,F-304,TBD,FSC TT (Spring 2025)
Artificial Intelligence,BDS-6B,Tuesday,01:00 PM - 02:30 PM,F-304,Mr. Saiful Islam,FSC TT (Spring 2025)
Fundamentals of Management,BDS-4A,Tuesday,02:30 PM - 04:00 PM,F-304,Dr. Shahrman Khattak,FSC TT (Spring 2025)
Natural Language Processing,BDS-6B,Tuesday,11:30 AM - 01:00 PM,F-305,Ms. Mariam Nasim (New),FSC TT (Spring 2025)
Theory of Automata,BCS-6B,Tuesday,01:00 PM - 02:30 PM,F-305,Dr. Tahir Ejaz,FSC TT (Spring 2025)
Operations Research,BCS-8A,Tuesday,02:30 PM - 04:00 PM,F-305,TBD,FSC TT (Spring 2025)
Compiler Construction,BCS-6F,Tuesday,08:30 AM - 10:00 AM,F-306,Mr. Hamad ul Qudous,FSC TT (Spring 2025)
American History,BCS-8A,Tuesday,10:00 AM - 11:30 AM,F-306,Dr Tahir Rashid,FSC TT (Spring 2025)
Software Engineering,BCS-6G,Tuesday,11:30 AM - 01:00 PM,F-306,Ms. Kiran Khurshid,FSC TT (Spring 2025)
Software Engineering,BCS-6H,Tuesday,01:00 PM - 02:30 PM,F-306,Ms. Kiran Khurshid,FSC TT (Spring 2025)
Parallel & Distributed Comp,BCS-6G,Tuesday,02:30 PM - 04:00 PM,F-306,TBD,FSC TT (Spring 2025)
Marketing Management,BDS-6A,Tuesday,10:00 AM - 11:30 AM,F-307,Mr. Abid Sharif (VF),FSC TT (Spring 2025)
Software Engineering,BCS-6C,Tuesday,11:30 AM - 01:00 PM,F-307,Ms. Momna Zaneb,FSC TT (Spring 2025)
Entrepreneurship,BCS-8B,Tuesday,08:30 AM - 10:00 AM,F-308,Dr. Saif Maqbool,FSC TT (Spring 2025)
Operating Systems,BCS-4E,Tuesday,11:30 AM - 01:00 PM,F-308,Mr. Mubasher Hussain,FSC TT (Spring 2025)
Operating Systems,BCS-4H,Tuesday,01:00 PM - 02:30 PM,F-308,Ms. Rubab Anam,FSC TT (Spring 2025)
Operating Systems,BCS-4C,Tuesday,02:30 PM - 04:00 PM,F-308,Mr. Mubasher Hussain,FSC TT (Spring 2025)
Operating Systems,BCS-4D,Tuesday,04:00 PM - 05:30 PM,F-308,Mr. Mubasher Hussain,FSC TT (Spring 2025)
Computer Networks,BSE-6C,Tuesday,08:30 AM - 10:00 AM,F-309,Mr. Nauman Moazzam Hayat,FSC TT (Spring 2025)
Computer Networks,BSE-6A,Tuesday,10:00 AM - 11:30 AM,F-309,Mr. Nauman Moazzam Hayat,FSC TT (Spring 2025)
Computer Networks,BSE-6B,Tuesday,11:30 AM - 01:00 PM,F-309,Mr. Umar Farooq (New),FSC TT (Spring 2025)
Database Systems,BCS-6A,Tuesday,01:00 PM - 02:30 PM,F-309,Ms. Seemab Ayub,FSC TT (Spring 2025)
Parallel & Distributed Comp,BCS-6C,Tuesday,08:30 AM - 10:00 AM,F-310,TBD,FSC TT (Spring 2025)
Environmental Studies,BSE-8A,Tuesday,10:00 AM - 11:30 AM,F-310,Dr. Saman Shahid,FSC TT (Spring 2025)
Digital Logic Design,BCS-2H,Tuesday,11:30 AM - 01:00 PM,F-310,Ms. Maimoona Akram,FSC TT (Spring 2025)
Software Engineering,BCS-6B,Tuesday,08:30 AM - 10:00 AM,F-311,Dr. Zeeshan Ali Rana,FSC TT (Spring 2025)
Organization Behavior,BCS-4A,Tuesday,10:00 AM - 11:30 AM,F-311,Ms. Sana Waqas (VF),FSC TT (Spring 2025)
Web Engineering,BSE-6C,Tuesday,11:30 AM - 01:00 PM,F-311,Mr. Ayaz Gilani,FSC TT (Spring 2025)
Advanced Statistics,BDS-4B,Tuesday,01:00 PM - 02:30 PM,F-311,Dr. Ahmad Raza,FSC TT (Spring 2025)
Digital Logic Design,BCS-2K,Tuesday,02:30 PM - 04:00 PM,F-311,Mr. Umar Farooq (New),FSC TT (Spring 2025)
Modern Politics & Govt,BDS-8A,Tuesday,08:30 AM - 10:00 AM,F-312,TBD,FSC TT (Spring 2025)
Software Engineering,BCS-6A,Tuesday,11:30 AM - 01:00 PM,F-312,Dr. Zeeshan Ali Rana,FSC TT (Spring 2025)
Software for Mobile Devices,BCS-6A,Tuesday,01:00 PM - 02:30 PM,F-312,Mr. Usman Anwar,FSC TT (Spring 2025)
Parallel & Distributed Comp,BCS-6A,Tuesday,02:30 PM - 04:00 PM,F-312,TBD,FSC TT (Spring 2025)
Applied Programming,MCS-1A,Tuesday,11:30 AM - 01:00 PM,C-1,Ms. Hira Butt,FSC TT (Spring 2025)
Marketing Management,BCS-8B,Tuesday,01:00 PM - 02:30 PM,C-1,Mr. Saquib Bhatti (VF),FSC TT (Spring 2025)
Expository Writing,BCS-2K,Tuesday,10:00 AM - 11:30 AM,C-2,Razm ul Zafar,FSC TT (Spring 2025)
Probability & Statistics,BCS-4K,Tuesday,01:00 PM - 02:30 PM,C-2,Ms. Huma Akbar (VF),FSC TT (Spring 2025)
Marketing Management,BCS-4A,Tuesday,08:30 AM - 10:00 AM,C-3,TBD,FSC TT (Spring 2025)
Digital Logic Design,BCS-2E,Tuesday,10:00 AM - 11:30 AM,C-3,Dr. Amjad Hussain (VF),FSC TT (Spring 2025)
Design & Analysis of Algo,BSE-6A,Tuesday,11:30 AM - 01:00 PM,C-3,TBD,FSC TT (Spring 2025)
Probability & Statistics,BCS-4A,Tuesday,01:00 PM - 02:30 PM,C-3,Ms. Sarah Ahmad,FSC TT (Spring 2025)
Probability & Statistics,BCS-4B,Tuesday,02:30 PM - 04:00 PM,C-3,Ms. Sarah Ahmad,FSC TT (Spring 2025)
Probability & Statistics,BSE-4B,Tuesday,04:00 PM - 05:30 PM,C-3,Dr. Nuzhat Aftab (VF),FSC TT (Spring 2025)
Expository Writing,BCS-2F,Tuesday,08:30 AM - 10:00 AM,C-4,Dr Sara Khan,FSC TT (Spring 2025)
Expository Writing,BCS-2B,Tuesday,11:30 AM - 01:00 PM,C-4,Dr Zahida Mansoor,FSC TT (Spring 2025)
Programming Fundamentals,BCS-2A,Tuesday,04:00 PM - 05:30 PM,C-4,Ms. Marwa Khan,FSC TT (Spring 2025)
Critical Thinking,BCS-4A,Tuesday,08:30 AM - 10:00 AM,C-5,TBD,FSC TT (Spring 2025)
Expository Writing,BCS-2A,Tuesday,10:00 AM - 11:30 AM,C-5,Dr Zahida Mansoor,FSC TT (Spring 2025)
Multivariable Calculus,BCS-2G,Tuesday,01:00 PM - 02:30 PM,C-5,Dr. Saeeda Zia,FSC TT (Spring 2025)
Probability & Statistics,BCS-4J,Tuesday,04:00 PM - 05:30 PM,C-5,Ms. Huma Akbar (VF),FSC TT (Spring 2025)
Multivariable Calculus,BCS-2H,Tuesday,08:30 AM - 10:00 AM,C-6,Dr. Saeeda Zia,FSC TT (Spring 2025)
Multivariable Calculus,BCS-2C,Tuesday,10:00 AM - 11:30 AM,C-6,Dr. Mazhar Hussain,FSC TT (Spring 2025)
Multivariable Calculus,BCS-2B,Tuesday,08:30 AM - 10:00 AM,C-7,Dr. Mazhar Hussain,FSC TT (Spring 2025)
Islamic Studies/Ethics & Holy Quran,BCS-2D,Tuesday,10:00 AM - 11:30 AM,C-7,TBD,FSC TT (Spring 2025)
Multivariable Calculus,BSE-2A,Tuesday,01:00 PM - 02:30 PM,C-7,Dr. Sidra Afzal (VF),FSC TT (Spring 2025)
Multivariable Calculus,BSE-2B,Tuesday,02:30 PM - 04:00 PM,C-7,Dr. Sidra Afzal (VF),FSC TT (Spring 2025)
International Business,BDS-6A,Tuesday,08:30 AM - 10:00 AM,C-13,Mr. Abid Sharif (VF),FSC TT (Spring 2025)
Expository Writing,BCS-2G,Tuesday,10:00 AM - 11:30 AM,C-13,Dr Sara Khan,FSC TT (Spring 2025)
Psychology,BCS-4A,Tuesday,02:30 PM - 04:00 PM,C-13,Ms Aisha Bano,FSC TT (Spring 2025)
Foreign Policy of Pakistan,BCS-4A,Tuesday,04:00 PM - 05:30 PM,C-13,Dr Tahir Rashid,FSC TT (Spring 2025)
Mass Communication,BCS-8A,Tuesday,08:30 AM - 10:00 AM,C-14,Dr Sapna Mumtaz (VF),FSC TT (Spring 2025)
Multivariable Calculus,BDS-2A,Tuesday,10:00 AM - 11:30 AM,C-14,Mr. Muhammad Yaseen,FSC TT (Spring 2025)
Intro to Internet of Things,BSE-8A,Tuesday,11:30 AM - 01:00 PM,C-14,TBD,FSC TT (Spring 2025)
Digital Logic Design,BDS-2B,Tuesday,01:00 PM - 02:30 PM,C-14,Mr. Zummar Saad (VF),FSC TT (Spring 2025)
Digital Logic Design,BDS-2A,Tuesday,02:30 PM - 04:00 PM,C-14,Mr. Zummar Saad (VF),FSC TT (Spring 2025)
Environmental Studies,BCS-8A,Tuesday,04:00 PM - 05:30 PM,C-14,Dr. Saman Shahid,FSC TT (Spring 2025)
Multivariable Calculus,BDS-2B,Tuesday,08:30 AM - 10:00 AM,D-2,Mr. Muhammad Yaseen,FSC TT (Spring 2025)
Principles of Leadership,BCS-4A,Tuesday,10:00 AM - 11:30 AM,D-2,Dr. Rao Aftab Ahmad (VF),FSC TT (Spring 2025)
Civics and Community Eng,BDS-2A,Tuesday,11:30 AM - 01:00 PM,D-2,TBD,FSC TT (Spring 2025)
International Relations,BCS-8A,Tuesday,08:30 AM - 10:00 AM,D-5,Dr Tahir Rashid,FSC TT (Spring 2025)
Marketing Management,BCS-8A,Tuesday,10:00 AM - 11:30 AM,D-5,Mr. Saquib Bhatti (VF),FSC TT (Spring 2025)
Expository Writing Lab,BCS-2A1,Tuesday,08:30 AM - 10:00 AM,English Lab-1,Ms. Mahnoor Ch.,FSC TT (Spring 2025)
Expository Writing Lab,BCS-2B1,Tuesday,10:00 AM - 11:30 AM,English Lab-1,Ms. Mahnoor Ch.,FSC TT (Spring 2025)
Expository Writing Lab,BCS-2C1,Tuesday,11:30 AM - 01:00 PM,English Lab-1,Ms. Mahnoor Ch.,FSC TT (Spring 2025)
Expository Writing Lab,BCS-2D1,Tuesday,01:00 PM - 02:30 PM,English Lab-1,Ms. Maryam Junaid (VF),FSC TT (Spring 2025)
Expository Writing Lab,BSE-2A1,Tuesday,02:30 PM - 04:00 PM,English Lab-1,Ms. Bisma Amjad (VF),FSC TT (Spring 2025)
Expository Writing Lab,BCS-2E1,Tuesday,04:00 PM - 05:30 PM,English Lab-1,Ms. Rafia (VF),FSC TT (Spring 2025)
Expository Writing Lab,BCS-2A2,Tuesday,08:30 AM - 10:00 AM,English Lab-2,Ms. Areeba Nadeem (VF),FSC TT (Spring 2025)
Expository Writing Lab,BCS-2B2,Tuesday,10:00 AM - 11:30 AM,English Lab-2,Ms. Areeba Nadeem (VF),FSC TT (Spring 2025)
Expository Writing Lab,BCS-2C2,Tuesday,11:30 AM - 01:00 PM,English Lab-2,Ms. Areeba Nadeem (VF),FSC TT (Spring 2025)
Expository Writing Lab,BCS-2D2,Tuesday,01:00 PM - 02:30 PM,English Lab-2,Ms. Maryam Ahmad (VF),FSC TT (Spring 2025)
Expository Writing Lab,BSE-2A2,Tuesday,02:30 PM - 04:00 PM,English Lab-2,Ms. Falaknaz Zia (VF),FSC TT (Spring 2025)
Expository Writing Lab,BCS-2E2,Tuesday,04:00 PM - 05:30 PM,English Lab-2,Ms. Maryam Ahmad (VF),FSC TT (Spring 2025)
Expository Writing Lab,BCS-2G1,Tuesday,08:30 AM - 10:00 AM,English Lab-3,Ms. Bisma Amjad (VF),FSC TT (Spring 2025)
Expository Writing Lab,BCS-2H1,Tuesday,10:00 AM - 11:30 AM,English Lab-3,Ms. Bisma Amjad (VF),FSC TT (Spring 2025)
Expository Writing Lab,BCS-2J1,Tuesday,11:30 AM - 01:00 PM,English Lab-3,Ms. Minahil Ramadan (VF),FSC TT (Spring 2025)
Expository Writing Lab,BCS-2K1,Tuesday,01:00 PM - 02:30 PM,English Lab-3,Ms. Minahil Ramadan (VF),FSC TT (Spring 2025)
Expository Writing Lab,BSE-4B1,Tuesday,02:30 PM - 04:00 PM,English Lab-3,Ms. Maha Hijab (VF),FSC TT (Spring 2025)
Expository Writing Lab,BSE-4A1,Tuesday,04:00 PM - 05:30 PM,English Lab-3,Ms. Bisma Amjad (VF),FSC TT (Spring 2025)
Expository Writing Lab,BCS-2G2,Tuesday,08:30 AM - 10:00 AM,English Lab-4,Ms. Rubab Arshad,FSC TT (Spring 2025)
Expository Writing Lab,BCS-2H2,Tuesday,10:00 AM - 11:30 AM,English Lab-4,Ms. Rubab Arshad,FSC TT (Spring 2025)
Expository Writing Lab,BCS-2J2,Tuesday,11:30 AM - 01:00 PM,English Lab-4,Ms. Halima Altaf (VF),FSC TT (Spring 2025)
Expository Writing Lab,BCS-2K2,Tuesday,01:00 PM - 02:30 PM,English Lab-4,Ms. Halima Altaf (VF),FSC TT (Spring 2025)
Expository Writing Lab,BSE-4B2,Tuesday,02:30 PM - 04:00 PM,English Lab-4,TBD,FSC TT (Spring 2025)
Expository Writing Lab,BSE-4A2,Tuesday,04:00 PM - 05:30 PM,English Lab-4,TBD,FSC TT (Spring 2025)
Expository Writing Lab,BDS-2A1,Tuesday,08:30 AM - 10:00 AM,English Lab-5,Ms. Nokhaiz Zahra,FSC TT (Spring 2025)
Expository Writing Lab,BDS-2B1,Tuesday,10:00 AM - 11:30 AM,English Lab-5,Ms. Nokhaiz Zahra,FSC TT (Spring 2025)
Expository Writing Lab,BCS-2F1,Tuesday,02:30 PM - 04:00 PM,English Lab-5,Ms. Rafia (VF),FSC TT (Spring 2025)
Expository Writing Lab,BSE-2B1,Tuesday,04:00 PM - 05:30 PM,English Lab-5,Ms. Maha Hijab (VF),FSC TT (Spring 2025)
Expository Writing Lab,BDS-2A2,Tuesday,08:30 AM - 10:00 AM,English Lab-6,Ms. Zakia Anwar (VF),FSC TT (Spring 2025)
Expository Writing Lab,BDS-2B2,Tuesday,10:00 AM - 11:30 AM,English Lab-6,Ms. Zakia Anwar (VF),FSC TT (Spring 2025)
Expository Writing Lab,BCS-2F2,Tuesday,02:30 PM - 04:00 PM,English Lab-6,Ms. Maryam Ahmad (VF),FSC TT (Spring 2025)
Expository Writing Lab,BSE-2B2,Tuesday,04:00 PM - 05:30 PM,English Lab-6,Ms. Falaknaz Zia (VF),FSC TT (Spring 2025)
Object Oriented Programming Lab,BCS-2J,Tuesday,01:00 PM - 02:30 PM,Lab-1,TBD,FSC TT (Spring 2025)
Operating Systems Lab,BCS-4C,Tuesday,11:30 AM - 01:00 PM,Lab-2,TBD,FSC TT (Spring 2025)
Data Structures Lab,BCS-4B,Tuesday,02:30 PM - 04:00 PM,Lab-2,TBD,FSC TT (Spring 2025)
Operating Systems Lab,BCS-4D,Tuesday,11:30 AM - 01:00 PM,Lab-4,TBD,FSC TT (Spring 2025)
Reserved For FSM,,Tuesday,08:30 AM - 10:00 AM,Lab-8,TBD,FSC TT (Spring 2025)
Reserved For FSM,,Tuesday,11:30 AM - 01:00 PM,Lab-8,TBD,FSC TT (Spring 2025)
Reserved For FSM,,Tuesday,02:30 PM - 04:00 PM,Lab-8,TBD,FSC TT (Spring 2025)
Database Systems Lab,BDS-4B,Tuesday,08:30 AM - 10:00 AM,Lab-13,TBD,FSC TT (Spring 2025)
Database Systems Lab,BCS-4F,Tuesday,11:30 AM - 01:00 PM,Lab-13,TBD,FSC TT (Spring 2025)
Operating Systems Lab,BCS-4A,Tuesday,02:30 PM - 04:00 PM,Lab-13,Ms. Rakshan Imtiaz (New),FSC TT (Spring 2025)
Database Systems Lab,BCS-4B,Tuesday,11:30 AM - 01:00 PM,Lab-14,TBD,FSC TT (Spring 2025)
Computer Networks Lab,BSE-6A,Tuesday,02:30 PM - 04:00 PM,Lab-14,TBD,FSC TT (Spring 2025)
Operating Systems Lab,BCS-4G,Tuesday,11:30 AM - 01:00 PM,Lab-15,TBD,FSC TT (Spring 2025)
Operating Systems Lab,BCS-4E,Tuesday,02:30 PM - 04:00 PM,Lab-15,TBD,FSC TT (Spring 2025)
Operating Systems Lab,BCS-4J,Tuesday,11:30 AM - 01:00 PM,Lab-16,TBD,FSC TT (Spring 2025)
Operating Systems Lab,BCS-4K,Tuesday,02:30 PM - 04:00 PM,Lab-16,TBD,FSC TT (Spring 2025)
Digital Logic Design Lab,BSE-2A1,Tuesday,08:30 AM - 10:00 AM,Physics Lab,TBD,FSC TT (Spring 2025)
Digital Logic Design Lab,BSE-2B1,Tuesday,11:30 AM - 01:00 PM,Physics Lab,TBD,FSC TT (Spring 2025)
Digital Logic Design Lab,BCS-2D1,Tuesday,05:30 PM - 07:00 PM,Physics Lab,TBD,FSC TT (Spring 2025)
Digital Logic Design Lab,BSE-2A2,Tuesday,08:30 AM - 10:00 AM,Micro Lab,TBD,FSC TT (Spring 2025)
Digital Logic Design Lab,BSE-2B2,Tuesday,11:30 AM - 01:00 PM,Micro Lab,TBD,FSC TT (Spring 2025)
Digital Logic Design Lab,BCS-2D2,Tuesday,05:30 PM - 07:00 PM,Micro Lab,TBD,FSC TT (Spring 2025)
Probability & Statistics,BCS-4E,Tuesday,08:30 AM - 10:00 AM,Seminar Hall,Ms. Kanwal Saleem,FSC TT (Spring 2025)
Probability & Statistics,BCS-4F,Tuesday,10:00 AM - 11:30 AM,Seminar Hall,Ms. Kanwal Saleem,FSC TT (Spring 2025)
Software for Mobile Devices,BCS-6B,Tuesday,01:00 PM - 02:30 PM,Seminar Hall,Mr. Usman Anwar,FSC TT (Spring 2025)
Multivariable Calculus,BCS-2D,Tuesday,02:30 PM - 04:00 PM,Seminar Hall,Dr. Akhlaq Ahmad Bhatti,FSC TT (Spring 2025)
"Soft Design & Architecture (BSE-4A),",BSE-6A,Wednesday,08:30 AM - 10:00 AM,F-203,TBD,FSC TT (Spring 2025)
Soft Design & Architecture,BSE-4B,Wednesday,10:00 AM - 11:30 AM,F-203,TBD,FSC TT (Spring 2025)
Database Systems,BCS-4D,Wednesday,11:30 AM - 01:00 PM,F-203,Ms. Hina Iqbal,FSC TT (Spring 2025)
Compiler Construction,BCS-6A,Wednesday,01:00 PM - 02:30 PM,F-203,Dr. Faisal Aslam,FSC TT (Spring 2025)
Software Engineering,BCS-6J,Wednesday,02:30 PM - 04:00 PM,F-203,Mr. Zeeshan Nazar,FSC TT (Spring 2025)
Theory of Automata,BCS-6C,Wednesday,04:00 PM - 05:30 PM,F-203,Dr. Tahir Ejaz,FSC TT (Spring 2025)
Object Oriented Programming,BDS-2B,Wednesday,08:30 AM - 10:00 AM,F-204,Ms. Samin Iftikhar,FSC TT (Spring 2025)
Database Systems,BCS-4K,Wednesday,10:00 AM - 11:30 AM,F-204,Ms. Mamoona Majid,FSC TT (Spring 2025)
Object Oriented Programming,BDS-2A,Wednesday,11:30 AM - 01:00 PM,F-204,Mr. Usama Alvi,FSC TT (Spring 2025)
Object Oriented Programming,BCS-2F,Wednesday,01:00 PM - 02:30 PM,F-204,Mr. Uzair Naqvi,FSC TT (Spring 2025)
Data Science,BCS-8D,Wednesday,02:30 PM - 04:00 PM,F-204,Ms. Arooj Khalil,FSC TT (Spring 2025)
Brand Management,BCS-8B,Wednesday,04:00 PM - 05:30 PM,F-204,Mr. Saquib Bhatti (VF),FSC TT (Spring 2025)
Brand Management,BCS-8A,Wednesday,05:30 PM - 07:00 PM,F-204,Mr. Saquib Bhatti (VF),FSC TT (Spring 2025)
Digital Logic Design,BCS-2A,Wednesday,08:30 AM - 10:00 AM,F-205,Dr. Sobia Tariq,FSC TT (Spring 2025)
Object Oriented Programming,BCS-2A,Wednesday,10:00 AM - 11:30 AM,F-205,Dr. Saira Karim,FSC TT (Spring 2025)
Com. Org. & Assembly Lang.,BDS-4A,Wednesday,11:30 AM - 01:00 PM,F-205,TBD,FSC TT (Spring 2025)
Com. Org. & Assembly Lang.,BDS-4B,Wednesday,01:00 PM - 02:30 PM,F-205,TBD,FSC TT (Spring 2025)
Digital Logic Design,BSE-2A,Wednesday,08:30 AM - 10:00 AM,F-206,Dr. Amjad Hussain (VF),FSC TT (Spring 2025)
Data Structures,BDS-4A,Wednesday,10:00 AM - 11:30 AM,F-206,Dr. Aamir Wali,FSC TT (Spring 2025)
Database Systems,BCS-4A,Wednesday,11:30 AM - 01:00 PM,F-206,Mr. Ishaq Raza,FSC TT (Spring 2025)
Compiler Construction,BCS-6D,Wednesday,01:00 PM - 02:30 PM,F-206,Dr. Aatira Anum,FSC TT (Spring 2025)
Database Systems,BDS-4B,Wednesday,02:30 PM - 04:00 PM,F-206,Mr. Ishaq Raza (VF),FSC TT (Spring 2025)
Applied Machine Learning,BCS-8B,Wednesday,04:00 PM - 05:30 PM,F-206,Ms. Anosha Khan,FSC TT (Spring 2025)
Islamic Studies/Ethics & Holy Quran,BSE-2B,Wednesday,08:30 AM - 10:00 AM,F-207,TBD,FSC TT (Spring 2025)
Professional Practices in IT,BCS-8A,Wednesday,11:30 AM - 01:00 PM,F-207,Mr. Waqas Manzoor,FSC TT (Spring 2025)
Parallel & Distributed Comp,BCS-6K,Wednesday,01:00 PM - 02:30 PM,F-207,TBD,FSC TT (Spring 2025)
Database Systems,BCS-4G,Wednesday,02:30 PM - 04:00 PM,F-207,Ms. Aleena Ahmad,FSC TT (Spring 2025)
Professional Practices in IT,BCS-8B,Wednesday,08:30 AM - 10:00 AM,F-208,Mr. Muhammad Adeel (VF),FSC TT (Spring 2025)
Software Engineering,BCS-6D,Wednesday,10:00 AM - 11:30 AM,F-208,Ms. Mehroze Khan,FSC TT (Spring 2025)
Software Engineering,BCS-6E,Wednesday,11:30 AM - 01:00 PM,F-208,Ms. Mehroze Khan,FSC TT (Spring 2025)
Data Science,BCS-8B,Wednesday,01:00 PM - 02:30 PM,F-208,Ms. Arooj Khalil,FSC TT (Spring 2025)
Advanced Programming,BCS-8A,Wednesday,02:30 PM - 04:00 PM,F-208,Ms. Hira Butt,FSC TT (Spring 2025)
Advanced Programming,BCS-8B,Wednesday,04:00 PM - 05:30 PM,F-208,Ms. Hira Butt,FSC TT (Spring 2025)
Parallel & Distributed Comp,BCS-6F,Wednesday,08:30 AM - 10:00 AM,F-209,TBD,FSC TT (Spring 2025)
Parallel & Distributed Comp,BCS-6E,Wednesday,10:00 AM - 11:30 AM,F-209,TBD,FSC TT (Spring 2025)
Design & Analysis of Algo,BSE-6B,Wednesday,01:00 PM - 02:30 PM,F-209,TBD,FSC TT (Spring 2025)
Software Engineering,BCS-6F,Wednesday,02:30 PM - 04:00 PM,F-209,Ms. Mehroze Khan,FSC TT (Spring 2025)
Professional Practices in IT,BSE-8A,Wednesday,04:00 PM - 05:30 PM,F-209,TBD,FSC TT (Spring 2025)
Object Oriented Programming,BCS-2C,Wednesday,08:30 AM - 10:00 AM,F-210,Mr. Usama Alvi,FSC TT (Spring 2025)
Software Re-Engineering,BSE-8A,Wednesday,10:00 AM - 11:30 AM,F-210,Dr. Farooq Ahmed,FSC TT (Spring 2025)
Software Re-Engineering,BSE-8B,Wednesday,11:30 AM - 01:00 PM,F-210,Dr. Farooq Ahmed,FSC TT (Spring 2025)
Object Oriented Programming,BCS-2B,Wednesday,01:00 PM - 02:30 PM,F-210,Dr. Saira Karim,FSC TT (Spring 2025)
Compiler Construction,BCS-6K,Wednesday,02:30 PM - 04:00 PM,F-210,Mr. Aamir Raheem,FSC TT (Spring 2025)
Operating Systems,BCS-4A,Wednesday,10:00 AM - 11:30 AM,F-301,Dr. Rana Asif Rehman,FSC TT (Spring 2025)
Advanced Statistics,BDS-4C,Wednesday,11:30 AM - 01:00 PM,F-301,Dr. Ahmad Raza,FSC TT (Spring 2025)
Operating Systems,BCS-4B,Wednesday,01:00 PM - 02:30 PM,F-301,Dr. Rana Asif Rehman,FSC TT (Spring 2025)
Natural Language Processing,BCS-8C,Wednesday,02:30 PM - 04:00 PM,F-301,Ms. Maimoona Akbar,FSC TT (Spring 2025)
Programming Fundamentals,BDS-2A,Wednesday,04:00 PM - 05:30 PM,F-301,Mr. Waqas Manzoor,FSC TT (Spring 2025)
Object Oriented Programming,BSE-2A,Wednesday,10:00 AM - 11:30 AM,F-302,Ms. Anosha Khan,FSC TT (Spring 2025)
Object Oriented Programming,BSE-2B,Wednesday,11:30 AM - 01:00 PM,F-302,Ms. Anosha Khan,FSC TT (Spring 2025)
Compiler Construction,BCS-6H,Wednesday,01:00 PM - 02:30 PM,F-302,Mr. Hamad ul Qudous,FSC TT (Spring 2025)
Compiler Construction,BCS-6G,Wednesday,02:30 PM - 04:00 PM,F-302,Mr. Hamad ul Qudous,FSC TT (Spring 2025)
Artificial Intelligence,BCS-6H,Wednesday,04:00 PM - 05:30 PM,F-302,Ms. Umm e Ammarah,FSC TT (Spring 2025)
Digital Logic Design,BCS-2B,Wednesday,10:00 AM - 11:30 AM,F-303,Dr. Sobia Tariq,FSC TT (Spring 2025)
Bioinformatics,BCS-8B,Wednesday,11:30 AM - 01:00 PM,F-303,Ms. Rushda Muneer (New),FSC TT (Spring 2025)
Parallel & Distributed Comp,BDS-6B,Wednesday,01:00 PM - 02:30 PM,F-303,TBD,FSC TT (Spring 2025)
Parallel & Distributed Comp,BDS-6A,Wednesday,02:30 PM - 04:00 PM,F-303,TBD,FSC TT (Spring 2025)
Intro to Cloud Computing,BDS-8A,Wednesday,08:30 AM - 10:00 AM,F-304,Mr. Ali Khawaja,FSC TT (Spring 2025)
Deep Learning,BCS-8B,Wednesday,10:00 AM - 11:30 AM,F-304,Mr. Irtaza (VF),FSC TT (Spring 2025)
Parallel & Distributed Comp,BCS-6H,Wednesday,11:30 AM - 01:00 PM,F-304,TBD,FSC TT (Spring 2025)
Islamic Studies/Ethics & Holy Quran,BDS-2B,Wednesday,01:00 PM - 02:30 PM,F-304,TBD,FSC TT (Spring 2025)
Natural Language Processing,BCS-8A,Wednesday,08:30 AM - 10:00 AM,F-305,Ms. Maimoona Akbar,FSC TT (Spring 2025)
Natural Language Processing,BCS-8B,Wednesday,10:00 AM - 11:30 AM,F-305,Ms. Maimoona Akbar,FSC TT (Spring 2025)
Artificial Intelligence,BCS-6F,Wednesday,11:30 AM - 01:00 PM,F-305,Ms. Maham Naeem,FSC TT (Spring 2025)
Artificial Intelligence,BCS-6G,Wednesday,01:00 PM - 02:30 PM,F-305,Ms. Maham Naeem,FSC TT (Spring 2025)
Object Oriented Programming,BCS-2K,Wednesday,02:30 PM - 04:00 PM,F-305,Mr. Usman Anwar,FSC TT (Spring 2025)
Entrepreneurship,BCS-8A,Wednesday,08:30 AM - 10:00 AM,F-306,Dr. Saif Maqbool,FSC TT (Spring 2025)
Operating Systems,BCS-4J,Wednesday,10:00 AM - 11:30 AM,F-306,Ms. Namra Absar,FSC TT (Spring 2025)
Operating Systems,BCS-4K,Wednesday,11:30 AM - 01:00 PM,F-306,Ms. Namra Absar,FSC TT (Spring 2025)
Advanced Statistics,BDS-4A,Wednesday,01:00 PM - 02:30 PM,F-306,Dr. Ahmad Raza,FSC TT (Spring 2025)
Data Structures,BCS-4A,Wednesday,02:30 PM - 04:00 PM,F-306,Mr. Waqas Ali,FSC TT (Spring 2025)
Univeristy Elective-I,BDS-4C,Wednesday,08:30 AM - 10:00 AM,F-307,TBD,FSC TT (Spring 2025)
Data Structures,BCS-4B,Wednesday,10:00 AM - 11:30 AM,F-307,Ms. Marwa Khan,FSC TT (Spring 2025)
Compiler Construction,BCS-6J,Wednesday,11:30 AM - 01:00 PM,F-307,Mr. Aamir Raheem,FSC TT (Spring 2025)
Operating Systems,BCS-4G,Wednesday,01:00 PM - 02:30 PM,F-307,Ms. Rubab Anam,FSC TT (Spring 2025)
Operating Systems,BCS-4F,Wednesday,02:30 PM - 04:00 PM,F-307,Ms. Rubab Anam,FSC TT (Spring 2025)
Deep Learning,BCS-8A,Wednesday,08:30 AM - 10:00 AM,F-308,Mr. Irtaza (VF),FSC TT (Spring 2025)
Artificial Intelligence,BCS-6B,Wednesday,10:00 AM - 11:30 AM,F-308,Dr. Mubasher Baig,FSC TT (Spring 2025)
Artificial Intelligence,BCS-6A,Wednesday,11:30 AM - 01:00 PM,F-308,Dr. Mubasher Baig,FSC TT (Spring 2025)
Theory of Automata,BCS-6A,Wednesday,01:00 PM - 02:30 PM,F-308,Dr. Tahir Ejaz,FSC TT (Spring 2025)
Web Engineering,BSE-6A,Wednesday,10:00 AM - 11:30 AM,F-309,Mr. Ayaz Gilani,FSC TT (Spring 2025)
Web Engineering,BSE-6B,Wednesday,11:30 AM - 01:00 PM,F-309,Mr. Ayaz Gilani,FSC TT (Spring 2025)
Artificial Intelligence,BCS-6E,Wednesday,01:00 PM - 02:30 PM,F-309,Mr. Sajid Kazmi,FSC TT (Spring 2025)
Artificial Intelligence,BCS-6D,Wednesday,02:30 PM - 04:00 PM,F-309,Ms. Maham Naeem,FSC TT (Spring 2025)
Digital Logic Design,BCS-2J,Wednesday,08:30 AM - 10:00 AM,F-310,Ms. Maimoona Akram,FSC TT (Spring 2025)
Web Programming,BCS-8B,Wednesday,10:00 AM - 11:30 AM,F-310,Ms. Mahhek Tahir,FSC TT (Spring 2025)
Data Science,BCS-8A,Wednesday,11:30 AM - 01:00 PM,F-310,Mr. Saiful Islam,FSC TT (Spring 2025)
Digital Logic Design,BCS-2G,Wednesday,02:30 PM - 04:00 PM,F-310,Ms. Maimoona Akram,FSC TT (Spring 2025)
Web Programming,BDS-8B,Wednesday,11:30 AM - 01:00 PM,F-311,Ms. Mahhek Tahir,FSC TT (Spring 2025)
Data Science,BSE-8A,Wednesday,01:00 PM - 02:30 PM,F-311,Mr. Saiful Islam,FSC TT (Spring 2025)
Applied Artificial Intelligence,BSE-6A,Wednesday,02:30 PM - 04:00 PM,F-311,Ms. Rushda Muneer (New),FSC TT (Spring 2025)
Intro to Cloud Computing,BCS-8A,Wednesday,10:00 AM - 11:30 AM,F-312,TBD,FSC TT (Spring 2025)
Formal Methods,BSE-6A,Wednesday,11:30 AM - 01:00 PM,F-312,Dr. Wafa Basit,FSC TT (Spring 2025)
Parallel & Distributed Comp,BCS-6B,Wednesday,02:30 PM - 04:00 PM,F-312,TBD,FSC TT (Spring 2025)
Civics and Community Eng,BDS-4A,Wednesday,08:30 AM - 10:00 AM,C-1,TBD,FSC TT (Spring 2025)
Tech. & Business Writing,BCS-4J,Wednesday,11:30 AM - 01:00 PM,C-1,TBD,FSC TT (Spring 2025)
Entrepreneurship,BDS-8A,Wednesday,01:00 PM - 02:30 PM,C-1,Dr. Saif Maqbool,FSC TT (Spring 2025)
French Language,BCS-4A,Wednesday,02:30 PM - 04:00 PM,C-1,TBD,FSC TT (Spring 2025)
Digital Logic Design,BCS-2F,Wednesday,08:30 AM - 10:00 AM,C-2,Mr. Aftab Alam (VF),FSC TT (Spring 2025)
Civics and Community Eng,BCS-2J,Wednesday,10:00 AM - 11:30 AM,C-2,TBD,FSC TT (Spring 2025)
Multivariable Calculus,BCS-2J,Wednesday,01:00 PM - 02:30 PM,C-2,Dr. Saeeda Zia,FSC TT (Spring 2025)
Reserved for MS,MATH,Wednesday,02:30 PM - 04:00 PM,C-2,TBD,FSC TT (Spring 2025)
Holy Quran,BSE-4A,Wednesday,10:00 AM - 11:30 AM,C-3,TBD,FSC TT (Spring 2025)
Sirat-Un-Nabi (PBUH),BSE-4A,Wednesday,11:30 AM - 01:00 PM,C-3,TBD,FSC TT (Spring 2025)
Tech. & Business Writing,BCS-4K,Wednesday,01:00 PM - 02:30 PM,C-3,TBD,FSC TT (Spring 2025)
Probability & Statistics,BCS-4D,Wednesday,02:30 PM - 04:00 PM,C-3,Ms. Sarah Ahmad,FSC TT (Spring 2025)
Modern Politics & Govt,BCS-4A,Wednesday,04:00 PM - 05:30 PM,C-3,TBD,FSC TT (Spring 2025)
Advanced Theory of Computation,MCS-1A,Wednesday,08:30 AM - 10:00 AM,C-4,Dr. Faisal Aslam,FSC TT (Spring 2025)
Multivariable Calculus,BDS-2C,Wednesday,11:30 AM - 01:00 PM,C-4,Mr. Muhammad Yaseen,FSC TT (Spring 2025)
Civics and Community Eng,BCS-2C,Wednesday,01:00 PM - 02:30 PM,C-4,TBD,FSC TT (Spring 2025)
Adv. Parallel and Distributed Systems,MCS-2A,Wednesday,08:30 AM - 10:00 AM,C-5,TBD,FSC TT (Spring 2025)
Software Engineering,BCS-6K,Wednesday,11:30 AM - 01:00 PM,C-5,Mr. Zeeshan Nazar,FSC TT (Spring 2025)
Digital Logic Design,BCS-2D,Wednesday,01:00 PM - 02:30 PM,C-5,Mr. Umar Farooq (New),FSC TT (Spring 2025)
Tech. & Business Writing,BCS-4C,Wednesday,02:30 PM - 04:00 PM,C-5,TBD,FSC TT (Spring 2025)
Tech. & Business Writing,BCS-4D,Wednesday,04:00 PM - 05:30 PM,C-5,TBD,FSC TT (Spring 2025)
Artificial Intelligence,BDS-6A,Wednesday,08:30 AM - 10:00 AM,C-6,Dr. Asma Ahmad,FSC TT (Spring 2025)
Islamic Studies/Ethics & Holy Quran,BCS-2C,Wednesday,10:00 AM - 11:30 AM,C-6,TBD,FSC TT (Spring 2025)
French Langauge,BCS-8A,Wednesday,01:00 PM - 02:30 PM,C-6,Ms. Anum Tughral (VF),FSC TT (Spring 2025)
Multivariable Calculus,BCS-2A,Wednesday,02:30 PM - 04:00 PM,C-6,Dr. Mazhar Hussain,FSC TT (Spring 2025)
Civics and Community Eng,BCS-2E,Wednesday,10:00 AM - 11:30 AM,C-7,TBD,FSC TT (Spring 2025)
Islamic Studies/Ethics & Holy Quran,BCS-2E,Wednesday,01:00 PM - 02:30 PM,C-7,TBD,FSC TT (Spring 2025)
Ideology and Const of Pak & Seerat,BCS-2H,Wednesday,08:30 AM - 10:00 AM,C-13,TBD,FSC TT (Spring 2025)
Probability & Statistics,BCS-4C,Wednesday,11:30 AM - 01:00 PM,C-13,Ms. Sarah Ahmad,FSC TT (Spring 2025)
Tech. & Business Writing,BCS-4A,Wednesday,01:00 PM - 02:30 PM,C-13,TBD,FSC TT (Spring 2025)
Tech. & Business Writing,BCS-4B,Wednesday,02:30 PM - 04:00 PM,C-13,TBD,FSC TT (Spring 2025)
Mass Communication,BCS-4A,Wednesday,08:30 AM - 10:00 AM,C-14,Dr Sapna Mumtaz (VF),FSC TT (Spring 2025)
Brand Management,BCS-4A,Wednesday,10:00 AM - 11:30 AM,C-14,Mr.Abid Sharif,FSC TT (Spring 2025)
Holy Quran,BSE-4B,Wednesday,11:30 AM - 01:00 PM,C-14,TBD,FSC TT (Spring 2025)
Sirat-Un-Nabi (PBUH),BSE-4B,Wednesday,01:00 PM - 02:30 PM,C-14,TBD,FSC TT (Spring 2025)
Civics and Community Eng,BSE-2B,Wednesday,02:30 PM - 04:00 PM,C-14,TBD,FSC TT (Spring 2025)
Expository Writing,BDS-2A,Wednesday,08:30 AM - 10:00 AM,D-2,Dr Sara Khan,FSC TT (Spring 2025)
Tech. & Business Writing,BCS-4E,Wednesday,11:30 AM - 01:00 PM,D-2,TBD,FSC TT (Spring 2025)
Islamic Studies/Ethics & Holy Quran,BSE-2A,Wednesday,01:00 PM - 02:30 PM,D-2,TBD,FSC TT (Spring 2025)
Tech. & Business Writing,BCS-4F,Wednesday,04:00 PM - 05:30 PM,D-2,TBD,FSC TT (Spring 2025)
Expository Writing,BDS-2B,Wednesday,10:00 AM - 11:30 AM,D-5,Nokhaiz Zahra,FSC TT (Spring 2025)
Game Development,BCS-8B,Wednesday,01:00 PM - 02:30 PM,D-5,Ms. Saba Ghani (New),FSC TT (Spring 2025)
Tech. & Business Writing,BCS-4H,Wednesday,02:30 PM - 04:00 PM,D-5,TBD,FSC TT (Spring 2025)
Tech. & Business Writing,BCS-4G,Wednesday,04:00 PM - 05:30 PM,D-5,TBD,FSC TT (Spring 2025)
Communication & Presentation Skills Lab,BCS-6A,Wednesday,08:30 AM - 10:00 AM,Lab-1,TBD,FSC TT (Spring 2025)
Computer Networks Lab,BSE-6C,Wednesday,11:30 AM - 01:00 PM,Lab-1,TBD,FSC TT (Spring 2025)
Object Oriented Programming Lab,BCS-2D,Wednesday,10:00 AM - 11:30 AM,Lab-2,TBD,FSC TT (Spring 2025)
Reserved For FSM,,Wednesday,08:30 AM - 10:00 AM,Lab-8,TBD,FSC TT (Spring 2025)
Reserved For FSM,,Wednesday,11:30 AM - 01:00 PM,Lab-8,TBD,FSC TT (Spring 2025)
Reserved For FSM,,Wednesday,02:30 PM - 04:00 PM,Lab-8,TBD,FSC TT (Spring 2025)
Database Systems Lab,BCS-4H1,Wednesday,11:30 AM - 01:00 PM,Lab-13,TBD,FSC TT (Spring 2025)
Operating Systems Lab,BSE-4B,Wednesday,02:30 PM - 04:00 PM,Lab-13,TBD,FSC TT (Spring 2025)
Computer Networks Lab,BSE-6B,Wednesday,08:30 AM - 10:00 AM,Lab-14,TBD,FSC TT (Spring 2025)
Object Oriented Programming Lab,BCS-2K,Wednesday,11:30 AM - 01:00 PM,Lab-14,TBD,FSC TT (Spring 2025)
Object Oriented Programming Lab,BCS-2B,Wednesday,02:30 PM - 04:00 PM,Lab-14,TBD,FSC TT (Spring 2025)
Object Oriented Programming Lab,BCS-2G,Wednesday,11:30 AM - 01:00 PM,Lab-15,TBD,FSC TT (Spring 2025)
Artificial Intelligence Lab,BCS-6C,Wednesday,11:30 AM - 01:00 PM,Lab-16,TBD,FSC TT (Spring 2025)
Digital Logic Design Lab,BCS-2G1,Wednesday,08:30 AM - 10:00 AM,Physics Lab,TBD,FSC TT (Spring 2025)
Digital Logic Design Lab,BCS-2H1,Wednesday,11:30 AM - 01:00 PM,Physics Lab,TBD,FSC TT (Spring 2025)
Digital Logic Design Lab,BCS-2G2,Wednesday,08:30 AM - 10:00 AM,Micro Lab,TBD,FSC TT (Spring 2025)
Digital Logic Design Lab,BCS-2H2,Wednesday,11:30 AM - 01:00 PM,Micro Lab,TBD,FSC TT (Spring 2025)
Probability & Statistics,BCS-4G,Wednesday,08:30 AM - 10:00 AM,Seminar Hall,Ms. Kanwal Saleem,FSC TT (Spring 2025)
Probability & Statistics,BCS-4H,Wednesday,10:00 AM - 11:30 AM,Seminar Hall,Ms. Kanwal Saleem,FSC TT (Spring 2025)
Multivariable Calculus,BCS-2F,Wednesday,11:30 AM - 01:00 PM,Seminar Hall,Dr. Akhlaq Ahmad Bhatti,FSC TT (Spring 2025)
Multivariable Calculus,BCS-2E,Wednesday,02:30 PM - 04:00 PM,Seminar Hall,Dr. Akhlaq Ahmad Bhatti,FSC TT (Spring 2025)
Evolutionary Computation,MCS-2A,Wednesday,08:30 AM - 10:00 AM,F-201,Dr. Sobia Tariq,FSC TT (Spring 2025)
Natural Language Processing,BDS-6A,Wednesday,11:30 AM - 01:00 PM,F-201,Dr. Maryam Bashir,FSC TT (Spring 2025)
Parallel & Distributed Comp,BCS-6J,Wednesday,01:00 PM - 02:30 PM,F-201,TBD,FSC TT (Spring 2025)
Design & Analysis of Algo,BCS-6B,Wednesday,02:30 PM - 04:00 PM,F-201,TBD,FSC TT (Spring 2025)
Design & Analysis of Algo,BCS-6A,Wednesday,04:00 PM - 05:30 PM,F-201,TBD,FSC TT (Spring 2025)
Practicum - I/II,MSP-4A,Wednesday,05:30 PM - 07:00 PM,F-201,TBD,FSC TT (Spring 2025)
Operating Systems,BCS-6A,Thursday,08:30 AM - 10:00 AM,F-204,Ms. Rakshan Imtiaz (New),FSC TT (Spring 2025)
Database Systems,BDS-4A,Thursday,10:00 AM - 11:30 AM,F-204,Mr. Muhammad Naveed,FSC TT (Spring 2025)
Object Oriented Programming,BCS-2E,Thursday,11:30 AM - 01:00 PM,F-204,Mr. Uzair Naqvi,FSC TT (Spring 2025)
Compiler Construction,BCS-6E,Thursday,01:00 PM - 02:30 PM,F-204,Mr. Aamir Raheem,FSC TT (Spring 2025)
Object Oriented Programming,BCS-2G,Thursday,02:30 PM - 04:00 PM,F-204,Mr. Uzair Naqvi,FSC TT (Spring 2025)
Modern Politics & Govt,BDS-8A,Thursday,08:30 AM - 10:00 AM,F-205,TBD,FSC TT (Spring 2025)
Com. Org. & Assembly Lang.,BDS-4C,Thursday,11:30 AM - 01:00 PM,F-205,TBD,FSC TT (Spring 2025)
Adv Database Concepts,BSE-6A,Thursday,01:00 PM - 02:30 PM,F-205,TBD,FSC TT (Spring 2025)
Data Science,BCS-8C,Thursday,02:30 PM - 04:00 PM,F-205,Ms. Arooj Khalil,FSC TT (Spring 2025)
Digital Logic Design,BSE-2B,Thursday,08:30 AM - 10:00 AM,F-206,Dr. Amjad Hussain (VF),FSC TT (Spring 2025)
Software Testing,BCS-6A,Thursday,10:00 AM - 11:30 AM,F-206,Ms. Lehmia Kiran,FSC TT (Spring 2025)
Adv Database Concepts,BCS-6A,Thursday,11:30 AM - 01:00 PM,F-206,TBD,FSC TT (Spring 2025)
Software for Mobile Devices,BSE-8A,Thursday,01:00 PM - 02:30 PM,F-206,Mr. Waqas Ali,FSC TT (Spring 2025)
Adv Database Concepts,BCS-6B,Thursday,02:30 PM - 04:00 PM,F-206,TBD,FSC TT (Spring 2025)
Information Security,BSE-8A,Thursday,04:00 PM - 05:30 PM,F-206,TBD,FSC TT (Spring 2025)
Object Oriented Programming,BCS-2J,Thursday,10:00 AM - 11:30 AM,F-207,Ms. Namra Absar,FSC TT (Spring 2025)
Information Security,BDS-8A,Thursday,11:30 AM - 01:00 PM,F-207,Ms. Aqsa Khalid,FSC TT (Spring 2025)
Database Systems,BCS-4E,Thursday,01:00 PM - 02:30 PM,F-207,Ms. Aleena Ahmad,FSC TT (Spring 2025)
Database Systems,BCS-4F,Thursday,02:30 PM - 04:00 PM,F-207,Ms. Aleena Ahmad,FSC TT (Spring 2025)
Game Development,BCS-8A,Thursday,04:00 PM - 05:30 PM,F-207,Ms. Saba Ghani (New),FSC TT (Spring 2025)
Fundamentals of Management,BDS-4B,Thursday,08:30 AM - 10:00 AM,F-208,Dr. Shahrman Khattak,FSC TT (Spring 2025)
Funda. of Software Eng,BDS-4A,Thursday,11:30 AM - 01:00 PM,F-208,TBD,FSC TT (Spring 2025)
Game Design Development,BSE-6A,Thursday,01:00 PM - 02:30 PM,F-208,TBD,FSC TT (Spring 2025)
Funda. of Software Eng,BDS-4C,Thursday,02:30 PM - 04:00 PM,F-208,TBD,FSC TT (Spring 2025)
Applied Physics,BCS-6A,Thursday,05:30 PM - 07:00 PM,F-208,TBD,FSC TT (Spring 2025)
Database Systems,BSE-4A,Thursday,08:30 AM - 10:00 AM,F-209,Ms. Hina Iqbal,FSC TT (Spring 2025)
Database Systems,BSE-4B,Thursday,10:00 AM - 11:30 AM,F-209,Ms. Hina Iqbal,FSC TT (Spring 2025)
Bioinformatics,BCS-8A,Thursday,11:30 AM - 01:00 PM,F-209,Ms. Rushda Muneer (New),FSC TT (Spring 2025)
Generative AI,BCS-8A,Thursday,01:00 PM - 02:30 PM,F-209,Dr. Hajra Waheed,FSC TT (Spring 2025)
Generative AI,BDS-8A,Thursday,02:30 PM - 04:00 PM,F-209,Dr. Hajra Waheed,FSC TT (Spring 2025)
Generative AI,BDS-8B,Thursday,04:00 PM - 05:30 PM,F-209,Dr. Hajra Waheed,FSC TT (Spring 2025)
Mining Massive Datasets,BCS-6A,Thursday,10:00 AM - 11:30 AM,F-210,Dr. Zareen Alamgir,FSC TT (Spring 2025)
Software Testing,BCS-6B,Thursday,11:30 AM - 01:00 PM,F-210,Ms. Lehmia Kiran,FSC TT (Spring 2025)
Computer Networks,BDS-8A,Thursday,01:00 PM - 02:30 PM,F-210,Ms. Umme Ammara,FSC TT (Spring 2025)
Probability & Statistics,BSE-4A,Thursday,02:30 PM - 04:00 PM,F-210,Dr. Nuzhat Aftab (VF),FSC TT (Spring 2025)
Multivariable Calculus,BCS-2K,Thursday,04:00 PM - 05:30 PM,F-210,TBD,FSC TT (Spring 2025)
Com. Org. & Assembly Lang.,BCS-4A,Thursday,10:00 AM - 11:30 AM,F-301,TBD,FSC TT (Spring 2025)
Adv Database Concepts,BSE-8A,Thursday,02:30 PM - 04:00 PM,F-301,TBD,FSC TT (Spring 2025)
Funda. of Software Eng,BDS-4B,Thursday,04:00 PM - 05:30 PM,F-301,TBD,FSC TT (Spring 2025)
Cyber Security,BCS-6A,Thursday,08:30 AM - 10:00 AM,F-302,TBD,FSC TT (Spring 2025)
Cyber Security,BCS-6B,Thursday,10:00 AM - 11:30 AM,F-302,TBD,FSC TT (Spring 2025)
Fund. of Computer Vision,BCS-8B,Thursday,11:30 AM - 01:00 PM,F-302,TBD,FSC TT (Spring 2025)
Software for Mobile Devices,BCS-8A,Thursday,02:30 PM - 04:00 PM,F-302,Mr. Waqas Ali,FSC TT (Spring 2025)
Information Security,BCS-8A,Thursday,10:00 AM - 11:30 AM,F-303,Ms. Aqsa Khalid,FSC TT (Spring 2025)
Intro to Internet of Things,BCS-8A,Thursday,01:00 PM - 02:30 PM,F-303,TBD,FSC TT (Spring 2025)
Information Security,BCS-8B,Thursday,02:30 PM - 04:00 PM,F-303,Ms. Aqsa Khalid,FSC TT (Spring 2025)
Artificial Intelligence,BCS-6J,Thursday,08:30 AM - 10:00 AM,F-304,Ms. Abeeda Akram,FSC TT (Spring 2025)
Artificial Intelligence,BCS-6K,Thursday,10:00 AM - 11:30 AM,F-304,Ms. Abeeda Akram,FSC TT (Spring 2025)
Parallel & Distributed Comp,BCS-6D,Thursday,11:30 AM - 01:00 PM,F-304,TBD,FSC TT (Spring 2025)
Artificial Intelligence,BDS-6B,Thursday,01:00 PM - 02:30 PM,F-304,Mr. Saiful Islam,FSC TT (Spring 2025)
Web Programming,BCS-8A,Thursday,08:30 AM - 10:00 AM,F-305,Mr. Saad Farooq (VF),FSC TT (Spring 2025)
Web Programming,BDS-8A,Thursday,10:00 AM - 11:30 AM,F-305,Mr. Saad Farooq (VF),FSC TT (Spring 2025)
Natural Language Processing,BDS-6B,Thursday,11:30 AM - 01:00 PM,F-305,Ms. Mariam Nasim (New),FSC TT (Spring 2025)
Theory of Automata,BCS-6B,Thursday,01:00 PM - 02:30 PM,F-305,Dr. Tahir Ejaz,FSC TT (Spring 2025)
Operations Research,BCS-8A,Thursday,02:30 PM - 04:00 PM,F-305,TBD,FSC TT (Spring 2025)
Compiler Construction,BCS-6F,Thursday,08:30 AM - 10:00 AM,F-306,Mr. Hamad ul Qudous,FSC TT (Spring 2025)
American History,BCS-8A,Thursday,10:00 AM - 11:30 AM,F-306,Dr Tahir Rashid,FSC TT (Spring 2025)
Software Engineering,BCS-6G,Thursday,11:30 AM - 01:00 PM,F-306,Ms. Kiran Khurshid,FSC TT (Spring 2025)
Software Engineering,BCS-6H,Thursday,01:00 PM - 02:30 PM,F-306,Ms. Kiran Khurshid,FSC TT (Spring 2025)
Marketing Management,BDS-6A,Thursday,10:00 AM - 11:30 AM,F-307,Mr. Abid Sharif (VF),FSC TT (Spring 2025)
Software Engineering,BCS-6C,Thursday,11:30 AM - 01:00 PM,F-307,Ms. Momna Zaneb,FSC TT (Spring 2025)
Entrepreneurship,BCS-8B,Thursday,08:30 AM - 10:00 AM,F-308,Dr. Saif Maqbool,FSC TT (Spring 2025)
Operating Systems,BCS-4E,Thursday,11:30 AM - 01:00 PM,F-308,Mr. Mubasher Hussain,FSC TT (Spring 2025)
Operating Systems,BCS-4H,Thursday,01:00 PM - 02:30 PM,F-308,Ms. Rubab Anam,FSC TT (Spring 2025)
Operating Systems,BCS-4C,Thursday,02:30 PM - 04:00 PM,F-308,Mr. Mubasher Hussain,FSC TT (Spring 2025)
Operating Systems,BCS-4D,Thursday,04:00 PM - 05:30 PM,F-308,Mr. Mubasher Hussain,FSC TT (Spring 2025)
Computer Networks,BSE-6C,Thursday,08:30 AM - 10:00 AM,F-309,Mr. Nauman Moazzam Hayat,FSC TT (Spring 2025)
Computer Networks,BSE-6A,Thursday,10:00 AM - 11:30 AM,F-309,Mr. Nauman Moazzam Hayat,FSC TT (Spring 2025)
Computer Networks,BSE-6B,Thursday,11:30 AM - 01:00 PM,F-309,Mr. Umar Farooq (New),FSC TT (Spring 2025)
Database Systems,BCS-6A,Thursday,01:00 PM - 02:30 PM,F-309,Ms. Seemab Ayub,FSC TT (Spring 2025)
Parallel & Distributed Comp,BCS-6C,Thursday,08:30 AM - 10:00 AM,F-310,TBD,FSC TT (Spring 2025)
Environmental Studies,BSE-8A,Thursday,10:00 AM - 11:30 AM,F-310,Dr. Saman Shahid,FSC TT (Spring 2025)
Digital Logic Design,BCS-2H,Thursday,11:30 AM - 01:00 PM,F-310,Ms. Maimoona Akram,FSC TT (Spring 2025)
Software Engineering,BCS-6B,Thursday,08:30 AM - 10:00 AM,F-311,Dr. Zeeshan Ali Rana,FSC TT (Spring 2025)
Organization Behavior,BCS-4A,Thursday,10:00 AM - 11:30 AM,F-311,Ms. Sana Waqas (VF),FSC TT (Spring 2025)
Web Engineering,BSE-6C,Thursday,11:30 AM - 01:00 PM,F-311,Mr. Ayaz Gilani,FSC TT (Spring 2025)
Advanced Statistics,BDS-4B,Thursday,01:00 PM - 02:30 PM,F-311,Dr. Ahmad Raza,FSC TT (Spring 2025)
Digital Logic Design,BCS-2K,Thursday,02:30 PM - 04:00 PM,F-311,Mr. Umar Farooq (New),FSC TT (Spring 2025)
International Relations,BCS-8A,Thursday,08:30 AM - 10:00 AM,F-312,Dr Tahir Rashid,FSC TT (Spring 2025)
Software Engineering,BCS-6A,Thursday,11:30 AM - 01:00 PM,F-312,Dr. Zeeshan Ali Rana,FSC TT (Spring 2025)
Software for Mobile Devices,BCS-6A,Thursday,01:00 PM - 02:30 PM,F-312,Mr. Usman Anwar,FSC TT (Spring 2025)
Parallel & Distributed Comp,BCS-6A,Thursday,02:30 PM - 04:00 PM,F-312,TBD,FSC TT (Spring 2025)
Critical Thinking,BCS-4A,Thursday,08:30 AM - 10:00 AM,C-1,TBD,FSC TT (Spring 2025)
Principles of Leadership,BCS-4A,Thursday,10:00 AM - 11:30 AM,C-1,Dr. Rao Aftab Ahmad (VF),FSC TT (Spring 2025)
Applied Programming,MCS-1A,Thursday,11:30 AM - 01:00 PM,C-1,Ms. Hira Butt,FSC TT (Spring 2025)
Ideology and Const of Pak & Seerat,BCS-2J,Thursday,01:00 PM - 02:30 PM,C-1,TBD,FSC TT (Spring 2025)
Marketing Management,BCS-8A,Thursday,10:00 AM - 11:30 AM,C-2,Mr. Saquib Bhatti (VF),FSC TT (Spring 2025)
Intro to Internet of Things,BSE-8A,Thursday,11:30 AM - 01:00 PM,C-2,TBD,FSC TT (Spring 2025)
Probability & Statistics,BCS-4K,Thursday,01:00 PM - 02:30 PM,C-2,Ms. Huma Akbar (VF),FSC TT (Spring 2025)
Reserved for MS,MATH,Thursday,02:30 PM - 04:00 PM,C-2,TBD,FSC TT (Spring 2025)
Marketing Management,BCS-4A,Thursday,08:30 AM - 10:00 AM,C-3,TBD,FSC TT (Spring 2025)
Digital Logic Design,BCS-2E,Thursday,10:00 AM - 11:30 AM,C-3,Dr. Amjad Hussain (VF),FSC TT (Spring 2025)
Design & Analysis of Algo,BSE-6A,Thursday,11:30 AM - 01:00 PM,C-3,TBD,FSC TT (Spring 2025)
Probability & Statistics,BCS-4A,Thursday,01:00 PM - 02:30 PM,C-3,Ms. Sarah Ahmad,FSC TT (Spring 2025)
Probability & Statistics,BCS-4B,Thursday,02:30 PM - 04:00 PM,C-3,Ms. Sarah Ahmad,FSC TT (Spring 2025)
Probability & Statistics,BSE-4B,Thursday,04:00 PM - 05:30 PM,C-3,Dr. Nuzhat Aftab (VF),FSC TT (Spring 2025)
Research Methodology,MDS-2A,Thursday,08:30 AM - 10:00 AM,C-4,Dr. Asma Ahmad,FSC TT (Spring 2025)
Marketing Management,BCS-8B,Thursday,01:00 PM - 02:30 PM,C-4,Mr. Saquib Bhatti (VF),FSC TT (Spring 2025)
Programming Fundamentals,BCS-2A,Thursday,04:00 PM - 05:30 PM,C-4,Ms. Marwa Khan,FSC TT (Spring 2025)
Ideology and Const of Pak & Seerat,BCS-2F,Thursday,08:30 AM - 10:00 AM,C-5,TBD,FSC TT (Spring 2025)
Multivariable Calculus,BCS-2G,Thursday,01:00 PM - 02:30 PM,C-5,Dr. Saeeda Zia,FSC TT (Spring 2025)
Probability & Statistics,BCS-4J,Thursday,04:00 PM - 05:30 PM,C-5,Ms. Huma Akbar (VF),FSC TT (Spring 2025)
Multivariable Calculus,BCS-2H,Thursday,08:30 AM - 10:00 AM,C-6,Dr. Saeeda Zia,FSC TT (Spring 2025)
Multivariable Calculus,BCS-2C,Thursday,10:00 AM - 11:30 AM,C-6,Dr. Mazhar Hussain,FSC TT (Spring 2025)
Multivariable Calculus,BCS-2B,Thursday,08:30 AM - 10:00 AM,C-7,Dr. Mazhar Hussain,FSC TT (Spring 2025)
Civics and Community Eng,BCS-2D,Thursday,10:00 AM - 11:30 AM,C-7,TBD,FSC TT (Spring 2025)
Multivariable Calculus,BSE-2A,Thursday,01:00 PM - 02:30 PM,C-7,Dr. Sidra Afzal (VF),FSC TT (Spring 2025)
Multivariable Calculus,BSE-2B,Thursday,02:30 PM - 04:00 PM,C-7,Dr. Sidra Afzal (VF),FSC TT (Spring 2025)
International Business,BDS-6A,Thursday,08:30 AM - 10:00 AM,C-13,Mr. Abid Sharif (VF),FSC TT (Spring 2025)
Expository Writing,BSE-2B,Thursday,10:00 AM - 11:30 AM,C-13,Atika,FSC TT (Spring 2025)
Psychology,BCS-4A,Thursday,02:30 PM - 04:00 PM,C-13,Ms Aisha Bano,FSC TT (Spring 2025)
Foreign Policy of Pakistan,BCS-4A,Thursday,04:00 PM - 05:30 PM,C-13,Dr Tahir Rashid,FSC TT (Spring 2025)
Mass Communication,BCS-8A,Thursday,08:30 AM - 10:00 AM,C-14,Dr Sapna Mumtaz (VF),FSC TT (Spring 2025)
Multivariable Calculus,BDS-2A,Thursday,10:00 AM - 11:30 AM,C-14,Mr. Muhammad Yaseen,FSC TT (Spring 2025)
Digital Logic Design,BDS-2B,Thursday,01:00 PM - 02:30 PM,C-14,Mr. Zummar Saad (VF),FSC TT (Spring 2025)
Digital Logic Design,BDS-2A,Thursday,02:30 PM - 04:00 PM,C-14,Mr. Zummar Saad (VF),FSC TT (Spring 2025)
Environmental Studies,BCS-8A,Thursday,04:00 PM - 05:30 PM,C-14,Dr. Saman Shahid,FSC TT (Spring 2025)
Multivariable Calculus,BDS-2B,Thursday,08:30 AM - 10:00 AM,D-2,Mr. Muhammad Yaseen,FSC TT (Spring 2025)
Expository Writing,BSE-2A,Thursday,10:00 AM - 11:30 AM,D-2,Razm ul Zafar,FSC TT (Spring 2025)
Civics and Community Eng,BCS-2A,Thursday,01:00 PM - 02:30 PM,D-2,TBD,FSC TT (Spring 2025)
Expository Writing Lab,BCS-2A1,Thursday,08:30 AM - 10:00 AM,English Lab-1,Ms. Mahnoor Ch.,FSC TT (Spring 2025)
Expository Writing Lab,BCS-2B1,Thursday,10:00 AM - 11:30 AM,English Lab-1,Ms. Mahnoor Ch.,FSC TT (Spring 2025)
Expository Writing Lab,BCS-2C1,Thursday,11:30 AM - 01:00 PM,English Lab-1,Ms. Mahnoor Ch.,FSC TT (Spring 2025)
Expository Writing Lab,BCS-2D1,Thursday,01:00 PM - 02:30 PM,English Lab-1,Ms. Maryam Junaid (VF),FSC TT (Spring 2025)
Expository Writing Lab,BSE-2A1,Thursday,02:30 PM - 04:00 PM,English Lab-1,Ms. Bisma Amjad (VF),FSC TT (Spring 2025)
Expository Writing Lab,BCS-2E1,Thursday,04:00 PM - 05:30 PM,English Lab-1,Ms. Rafia (VF),FSC TT (Spring 2025)
Expository Writing Lab,BCS-2A2,Thursday,08:30 AM - 10:00 AM,English Lab-2,Ms. Areeba Nadeem (VF),FSC TT (Spring 2025)
Expository Writing Lab,BCS-2B2,Thursday,10:00 AM - 11:30 AM,English Lab-2,Ms. Areeba Nadeem (VF),FSC TT (Spring 2025)
Expository Writing Lab,BCS-2C2,Thursday,11:30 AM - 01:00 PM,English Lab-2,Ms. Areeba Nadeem (VF),FSC TT (Spring 2025)
Expository Writing Lab,BCS-2D2,Thursday,01:00 PM - 02:30 PM,English Lab-2,Ms. Maryam Ahmad (VF),FSC TT (Spring 2025)
Expository Writing Lab,BSE-2A2,Thursday,02:30 PM - 04:00 PM,English Lab-2,Ms. Falaknaz Zia (VF),FSC TT (Spring 2025)
Expository Writing Lab,BCS-2E2,Thursday,04:00 PM - 05:30 PM,English Lab-2,Ms. Maryam Ahmad (VF),FSC TT (Spring 2025)
Expository Writing Lab,BCS-2G1,Thursday,08:30 AM - 10:00 AM,English Lab-3,Ms. Bisma Amjad (VF),FSC TT (Spring 2025)
Expository Writing Lab,BCS-2H1,Thursday,10:00 AM - 11:30 AM,English Lab-3,Ms. Bisma Amjad (VF),FSC TT (Spring 2025)
Expository Writing Lab,BCS-2J1,Thursday,11:30 AM - 01:00 PM,English Lab-3,Ms. Minahil Ramadan (VF),FSC TT (Spring 2025)
Expository Writing Lab,BCS-2K1,Thursday,01:00 PM - 02:30 PM,English Lab-3,Ms. Minahil Ramadan (VF),FSC TT (Spring 2025)
Expository Writing Lab,BSE-4B1,Thursday,02:30 PM - 04:00 PM,English Lab-3,Ms. Maha Hijab (VF),FSC TT (Spring 2025)
Expository Writing Lab,BSE-4A1,Thursday,04:00 PM - 05:30 PM,English Lab-3,Ms. Bisma Amjad (VF),FSC TT (Spring 2025)
Expository Writing Lab,BCS-2G2,Thursday,08:30 AM - 10:00 AM,English Lab-4,Ms. Rubab Arshad,FSC TT (Spring 2025)
Expository Writing Lab,BCS-2H2,Thursday,10:00 AM - 11:30 AM,English Lab-4,Ms. Rubab Arshad,FSC TT (Spring 2025)
Expository Writing Lab,BCS-2J2,Thursday,11:30 AM - 01:00 PM,English Lab-4,Ms. Halima Altaf (VF),FSC TT (Spring 2025)
Expository Writing Lab,BCS-2K2,Thursday,01:00 PM - 02:30 PM,English Lab-4,Ms. Halima Altaf (VF),FSC TT (Spring 2025)
Expository Writing Lab,BSE-4B2,Thursday,02:30 PM - 04:00 PM,English Lab-4,TBD,FSC TT (Spring 2025)
Expository Writing Lab,BSE-4A2,Thursday,04:00 PM - 05:30 PM,English Lab-4,TBD,FSC TT (Spring 2025)
Expository Writing Lab,BDS-2A1,Thursday,08:30 AM - 10:00 AM,English Lab-5,Ms. Nokhaiz Zahra,FSC TT (Spring 2025)
Expository Writing Lab,BDS-2B1,Thursday,10:00 AM - 11:30 AM,English Lab-5,Ms. Nokhaiz Zahra,FSC TT (Spring 2025)
Expository Writing Lab,BCS-2F1,Thursday,02:30 PM - 04:00 PM,English Lab-5,Ms. Rafia (VF),FSC TT (Spring 2025)
Expository Writing Lab,BSE-2B1,Thursday,04:00 PM - 05:30 PM,English Lab-5,Ms. Maha Hijab (VF),FSC TT (Spring 2025)
Expository Writing Lab,BDS-2A2,Thursday,08:30 AM - 10:00 AM,English Lab-6,Ms. Zakia Anwar (VF),FSC TT (Spring 2025)
Expository Writing Lab,BDS-2B2,Thursday,10:00 AM - 11:30 AM,English Lab-6,Ms. Zakia Anwar (VF),FSC TT (Spring 2025)
Expository Writing Lab,BCS-2F2,Thursday,02:30 PM - 04:00 PM,English Lab-6,Ms. Maryam Ahmad (VF),FSC TT (Spring 2025)
Expository Writing Lab,BSE-2B2,Thursday,04:00 PM - 05:30 PM,English Lab-6,Ms. Falaknaz Zia (VF),FSC TT (Spring 2025)
Operating Systems Lab,BCS-4F,Thursday,11:30 AM - 01:00 PM,Lab-2,TBD,FSC TT (Spring 2025)
Web Engineering Lab,BSE-6A,Thursday,02:30 PM - 04:00 PM,Lab-2,TBD,FSC TT (Spring 2025)
Operating Systems Lab,BCS-4B,Thursday,11:30 AM - 01:00 PM,Lab-4,TBD,FSC TT (Spring 2025)
Object Oriented Programming Lab,BDS-2A,Thursday,11:30 AM - 01:00 PM,Lab-6,TBD,FSC TT (Spring 2025)
Reserved For FSM,,Thursday,08:30 AM - 10:00 AM,Lab-8,TBD,FSC TT (Spring 2025)
Reserved For FSM,,Thursday,11:30 AM - 01:00 PM,Lab-8,TBD,FSC TT (Spring 2025)
Reserved For FSM,,Thursday,02:30 PM - 04:00 PM,Lab-8,TBD,FSC TT (Spring 2025)
Database Systems Lab,BCS-4D,Thursday,11:30 AM - 01:00 PM,Lab-13,TBD,FSC TT (Spring 2025)
Database Systems Lab,BCS-4E,Thursday,02:30 PM - 04:00 PM,Lab-13,TBD,FSC TT (Spring 2025)
Database Systems Lab,BCS-4C,Thursday,11:30 AM - 01:00 PM,Lab-14,TBD,FSC TT (Spring 2025)
Database Systems Lab,BCS-4A,Thursday,02:30 PM - 04:00 PM,Lab-14,TBD,FSC TT (Spring 2025)
Database Systems Lab,BCS-4J,Thursday,11:30 AM - 01:00 PM,Lab-15,TBD,FSC TT (Spring 2025)
Database Systems Lab,BCS-4K,Thursday,02:30 PM - 04:00 PM,Lab-15,TBD,FSC TT (Spring 2025)
Database Systems Lab,BCS-4G,Thursday,11:30 AM - 01:00 PM,Lab-16,TBD,FSC TT (Spring 2025)
Object Oriented Programming Lab,BCS-2H,Thursday,02:30 PM - 04:00 PM,Lab-16,TBD,FSC TT (Spring 2025)
Digital Logic Design Lab,BCS-2K1,Thursday,08:30 AM - 10:00 AM,Physics Lab,TBD,FSC TT (Spring 2025)
Digital Logic Design Lab,BCS-2B1,Thursday,11:30 AM - 01:00 PM,Physics Lab,TBD,FSC TT (Spring 2025)
Digital Logic Design Lab,BCS-2K2,Thursday,08:30 AM - 10:00 AM,Micro Lab,TBD,FSC TT (Spring 2025)
Digital Logic Design Lab,BCS-2B2,Thursday,11:30 AM - 01:00 PM,Micro Lab,TBD,FSC TT (Spring 2025)
Digital Logic Design,BCS-2C,Thursday,11:30 AM - 01:00 PM,F-201,Mr. Waqar Baig,FSC TT (Spring 2025)
Formal Methods,BSE-6B,Thursday,02:30 PM - 04:00 PM,F-201,Dr. Wafa Basit,FSC TT (Spring 2025)
Applied Programming,MDS-2A,Thursday,05:30 PM - 07:00 PM,F-201,TBD,FSC TT (Spring 2025)
Blockchain & Crypto,BCS-8A,Thursday,10:00 AM - 11:30 AM,F-202,TBD,FSC TT (Spring 2025)
Blockchain & Crypto,BDS-8A,Thursday,02:30 PM - 04:00 PM,F-202,TBD,FSC TT (Spring 2025)
Deep Learning,MDS-2A,Friday,08:30 AM - 10:00 AM,F-205,Dr. Mubasher Baig,FSC TT (Spring 2025)
Parallel & Distributed Comp,BCS-6G,Friday,11:30 AM - 01:00 PM,F-205,TBD,FSC TT (Spring 2025)
Expository Writing,BSE-4A,Friday,02:30 PM - 04:00 PM,F-205,Faseeha Sherwani (VF),FSC TT (Spring 2025)
Research Methodology,MCS-2A,Friday,08:30 AM - 10:00 AM,F-206,TBD,FSC TT (Spring 2025)
Civics and Community Eng,BDS-4B,Friday,08:30 AM - 10:00 AM,C-2,TBD,FSC TT (Spring 2025)
Reserved for MS,MATH,Friday,02:30 PM - 04:00 PM,C-2,TBD,FSC TT (Spring 2025)
Civics and Community Eng,BDS-4C,Friday,10:00 AM - 11:30 AM,C-3,TBD,FSC TT (Spring 2025)
Expository Writing,BCS-2J,Friday,10:00 AM - 11:30 AM,C-4,Faseeha Sherwani (VF),FSC TT (Spring 2025)
Com. Org. & Assembly Lang. Lab,BCS-4A,Friday,08:30 AM - 10:00 AM,Lab-1,TBD,FSC TT (Spring 2025)
Com. Org. & Assembly Lang. Lab,BDS-4C,Friday,02:30 PM - 04:00 PM,Lab-1,TBD,FSC TT (Spring 2025)
Artificial Intelligence Lab,BDS-6A,Friday,08:30 AM - 10:00 AM,Lab-2,TBD,FSC TT (Spring 2025)
Programming Fundamentals Lab,BCS-2A,Friday,02:30 PM - 04:00 PM,Lab-2,Ms. Marwa Khan,FSC TT (Spring 2025)
Artificial Intelligence Lab,BDS-6C,Friday,08:30 AM - 10:00 AM,Lab-3,TBD,FSC TT (Spring 2025)
Com. Org. & Assembly Lang. Lab,BDS-4B,Friday,02:30 PM - 04:00 PM,Lab-3,TBD,FSC TT (Spring 2025)
Artificial Intelligence Lab,BCS-6J,Friday,08:30 AM - 10:00 AM,Lab-4,TBD,FSC TT (Spring 2025)
Com. Org. & Assembly Lang. Lab,BDS-4A,Friday,02:30 PM - 04:00 PM,Lab-4,TBD,FSC TT (Spring 2025)
Artificial Intelligence Lab,BCS-6A,Friday,08:30 AM - 10:00 AM,Lab-6,TBD,FSC TT (Spring 2025)
Artificial Intelligence Lab,BCS-6K,Friday,02:30 PM - 04:00 PM,Lab-6,TBD,FSC TT (Spring 2025)
Programming Fundamentals Lab,BDS-2A,Friday,08:30 AM - 10:00 AM,Lab-8,Mr. Waqas Manzoor,FSC TT (Spring 2025)
Artificial Intelligence Lab,BCS-6B,Friday,02:30 PM - 04:00 PM,Lab-8,TBD,FSC TT (Spring 2025)
Artificial Intelligence Lab,BCS-6D,Friday,08:30 AM - 10:00 AM,Lab-13,TBD,FSC TT (Spring 2025)
Object Oriented Programming Lab,BCS-2C,Friday,02:30 PM - 04:00 PM,Lab-13,TBD,FSC TT (Spring 2025)
Artificial Intelligence Lab,BCS-6E,Friday,08:30 AM - 10:00 AM,Lab-14,TBD,FSC TT (Spring 2025)
Artificial Intelligence Lab,BCS-6G,Friday,02:30 PM - 04:00 PM,Lab-14,TBD,FSC TT (Spring 2025)
Database Systems Lab,BSE-4A,Friday,10:00 AM - 11:30 AM,Lab-15,TBD,FSC TT (Spring 2025)
Artificial Intelligence Lab,BCS-6F,Friday,02:30 PM - 04:00 PM,Lab-15,TBD,FSC TT (Spring 2025)
Artificial Intelligence Lab,BDS-6B,Friday,08:30 AM - 10:00 AM,Lab-16,TBD,FSC TT (Spring 2025)
Data Mining Lab,BDS-6A,Friday,02:30 PM - 04:00 PM,Lab-16,TBD,FSC TT (Spring 2025)
Object Oriented Programming Lab,BDS-2B,Friday,08:30 AM - 10:00 AM,Lab-17,TBD,FSC TT (Spring 2025)
Data Mining Lab,BDS-6B,Friday,02:30 PM - 04:00 PM,Lab-17,TBD,FSC TT (Spring 2025)
Digital Logic Design Lab,BCS-2C1,Friday,08:30 AM - 10:00 AM,Physics Lab,TBD,FSC TT (Spring 2025)
Digital Logic Design Lab,BCS-2E1,Friday,02:30 PM - 04:00 PM,Physics Lab,TBD,FSC TT (Spring 2025)
Digital Logic Design Lab,BCS-2E2,Friday,02:30 PM - 04:00 PM,Micro Lab,TBD,FSC TT (Spring 2025)
Digital Logic Design Lab,BCS-2C2,Friday,08:30 AM - 10:00 AM,Embedded Lab,TBD,FSC TT (Spring 2025)
Ethical Hacking Concepts and Practices,BCS-8A,Friday,08:30 AM - 10:00 AM,F-201,Mr. Ahmad Ali (VF),FSC TT (Spring 2025)
Ethical Hacking Concepts and Practices,BCS-8B,Friday,01:00 PM - 02:30 PM,F-201,Mr. Ahmad Ali (VF),FSC TT (Spring 2025)
Applied Physics,BCS-2A,Saturday,11:30 AM - 01:00 PM,F-202,Mr. Faizan Saleem (VF),FSC TT (Spring 2025)
Civics and Community Eng,BCS-2F,Saturday,11:30 AM - 01:00 PM,F-203,TBD,FSC TT (Spring 2025)
Data Structures Lab,BDS-4A,Saturday,08:30 AM - 10:00 AM,Lab-13,TBD,FSC TT (Spring 2025)
Database Systems Lab,BCS-6A,Saturday,11:30 AM - 01:00 PM,Lab-13,Ms. Seemab Ayub,FSC TT (Spring 2025)
Object Oriented Programming Lab,BCS-2A,Saturday,08:30 AM - 10:00 AM,Lab-14,TBD,FSC TT (Spring 2025)
Fund. of Big Data Analytics Lab,BDS-6A,Saturday,11:30 AM - 01:00 PM,Lab-14,TBD,FSC TT (Spring 2025)
Computer Networks Lab,BDS-8A,Saturday,08:30 AM - 10:00 AM,Lab-15,TBD,FSC TT (Spring 2025)
Operating Systems Lab,BCS-6A,Saturday,08:30 AM - 10:00 AM,Lab-16,Ms. Rakshan Imtiaz (New),FSC TT (Spring 2025)
Digital Logic Design Lab,BCS-2F1,Saturday,08:30 AM - 10:00 AM,Physics Lab,TBD,FSC TT (Spring 2025)
Digital Logic Design Lab,BDS-2A1,Saturday,11:30 AM - 01:00 PM,Physics Lab,TBD,FSC TT (Spring 2025)
Digital Logic Design Lab,BCS-2A1,Saturday,02:30 PM - 04:00 PM,Physics Lab,TBD,FSC TT (Spring 2025)
Digital Logic Design Lab,BCS-2F2,Saturday,08:30 AM - 10:00 AM,Micro Lab,TBD,FSC TT (Spring 2025)
Digital Logic Design Lab,BDS-2A2,Saturday,11:30 AM - 01:00 PM,Micro Lab,TBD,FSC TT (Spring 2025)
Digital Logic Design Lab,BCS-2A2,Saturday,02:30 PM - 04:00 PM,Micro Lab,TBD,FSC TT (Spring 2025)
